regions,Year,Month,Deaths,Date,,,,,,,,
North East,2006,1,2570,2006-1,,,,,,,,
North East,2006,2,2194,2006-2,,,,,,,,
North East,2006,3,2517,2006-3,,,,,,,,
North East,2006,4,2221,2006-4,,,,,,,,
North East,2006,5,2381,2006-5,,,,,,,,
North East,2006,6,2136,2006-6,,,,,North East,2006,1,2570
North East,2006,7,2030,2006-7,,,,,North West,2006,1,6797
North East,2006,8,2078,2006-8,,,,,Yorkshire and the Humber,2006,1,4789
North East,2006,9,1929,2006-9,,,,,East Midlands,2006,1,3977
North East,2006,10,2218,2006-10,,,,,Wales,2006,1,2997
North East,2006,11,2268,2006-11,,,,,,,,
North East,2006,12,2328,2006-12,,,,,,,,
North West,2006,1,6797,2006-1,,,,,,,,
North West,2006,2,5832,2006-2,,,,,,,,
North West,2006,3,6628,2006-3,,,,,,,,
North West,2006,4,5756,2006-4,,,,,,,,
North West,2006,5,6013,2006-5,,,,,,,,
North West,2006,6,5662,2006-6,,,,,,,,
North West,2006,7,5450,2006-7,,,,,,,,
North West,2006,8,5445,2006-8,,,,,,,,
North West,2006,9,5223,2006-9,,,,,,,,
North West,2006,10,5674,2006-10,,,,,,,,
North West,2006,11,5780,2006-11,,,,,,,,
North West,2006,12,5566,2006-12,,,,,,,,
Yorkshire and the Humber,2006,1,4789,2006-1,,,,,,,,
Yorkshire and the Humber,2006,2,4081,2006-2,,,,,,,,
Yorkshire and the Humber,2006,3,4636,2006-3,,,,,,,,
Yorkshire and the Humber,2006,4,3986,2006-4,,,,,,,,
Yorkshire and the Humber,2006,5,4193,2006-5,,,,,,,,
Yorkshire and the Humber,2006,6,4010,2006-6,,,,,,,,
Yorkshire and the Humber,2006,7,3792,2006-7,,,,,,,,
Yorkshire and the Humber,2006,8,3905,2006-8,,,,,,,,
Yorkshire and the Humber,2006,9,3660,2006-9,,,,,,,,
Yorkshire and the Humber,2006,10,4068,2006-10,,,,,,,,
Yorkshire and the Humber,2006,11,4235,2006-11,,,,,,,,
Yorkshire and the Humber,2006,12,4046,2006-12,,,,,,,,
East Midlands,2006,1,3977,2006-1,,,,,,,,
East Midlands,2006,2,3559,2006-2,,,,,,,,
East Midlands,2006,3,4036,2006-3,,,,,,,,
East Midlands,2006,4,3460,2006-4,,,,,,,,
East Midlands,2006,5,3444,2006-5,,,,,,,,
East Midlands,2006,6,3379,2006-6,,,,,,,,
East Midlands,2006,7,3313,2006-7,,,,,,,,
East Midlands,2006,8,3280,2006-8,,,,,,,,
East Midlands,2006,9,2947,2006-9,,,,,,,,
East Midlands,2006,10,3409,2006-10,,,,,,,,
East Midlands,2006,11,3593,2006-11,,,,,,,,
East Midlands,2006,12,3411,2006-12,,,,,,,,
Wales,2006,1,2997,2006-1,,,,,,,,
Wales,2006,2,2686,2006-2,,,,,,,,
Wales,2006,3,3014,2006-3,,,,,,,,
Wales,2006,4,2524,2006-4,,,,,,,,
Wales,2006,5,2562,2006-5,,,,,,,,
Wales,2006,6,2550,2006-6,,,,,,,,
Wales,2006,7,2483,2006-7,,,,,,,,
Wales,2006,8,2439,2006-8,,,,,,,,
Wales,2006,9,2298,2006-9,,,,,,,,
Wales,2006,10,2433,2006-10,,,,,,,,
Wales,2006,11,2569,2006-11,,,,,,,,
Wales,2006,12,2528,2006-12,,,,,,,,
West Midlands,2006,1,5166,2006-1,,,,,,,,
West Midlands,2006,2,4358,2006-2,,,,,,,,
West Midlands,2006,3,5163,2006-3,,,,,,,,
West Midlands,2006,4,4193,2006-4,,,,,,,,
West Midlands,2006,5,4492,2006-5,,,,,,,,
West Midlands,2006,6,4197,2006-6,,,,,,,,
West Midlands,2006,7,4059,2006-7,,,,,,,,
West Midlands,2006,8,4008,2006-8,,,,,,,,
West Midlands,2006,9,3832,2006-9,,,,,,,,
West Midlands,2006,10,4171,2006-10,,,,,,,,
West Midlands,2006,11,4363,2006-11,,,,,,,,
West Midlands,2006,12,4118,2006-12,,,,,,,,
East,2006,1,5083,2006-1,,,,,,,,
East,2006,2,4494,2006-2,,,,,,,,
East,2006,3,5130,2006-3,,,,,,,,
East,2006,4,4212,2006-4,,,,,,,,
East,2006,5,4409,2006-5,,,,,,,,
East,2006,6,4174,2006-6,,,,,,,,
East,2006,7,3933,2006-7,,,,,,,,
East,2006,8,4004,2006-8,,,,,,,,
East,2006,9,3724,2006-9,,,,,,,,
East,2006,10,4075,2006-10,,,,,,,,
East,2006,11,4379,2006-11,,,,,,,,
East,2006,12,4229,2006-12,,,,,,,,
London,2006,1,4945,2006-1,,,,,,,,
London,2006,2,4437,2006-2,,,,,,,,
London,2006,3,5082,2006-3,,,,,,,,
London,2006,4,3984,2006-4,,,,,,,,
London,2006,5,4358,2006-5,,,,,,,,
London,2006,6,4231,2006-6,,,,,,,,
London,2006,7,4029,2006-7,,,,,,,,
London,2006,8,4094,2006-8,,,,,,,,
London,2006,9,3709,2006-9,,,,,,,,
London,2006,10,4059,2006-10,,,,,,,,
London,2006,11,4276,2006-11,,,,,,,,
London,2006,12,4000,2006-12,,,,,,,,
South East,2006,1,7624,2006-1,,,,,,,,
South East,2006,2,6560,2006-2,,,,,,,,
South East,2006,3,7709,2006-3,,,,,,,,
South East,2006,4,6020,2006-4,,,,,,,,
South East,2006,5,6244,2006-5,,,,,,,,
South East,2006,6,6083,2006-6,,,,,,,,
South East,2006,7,5798,2006-7,,,,,,,,
South East,2006,8,5702,2006-8,,,,,,,,
South East,2006,9,5421,2006-9,,,,,,,,
South East,2006,10,6042,2006-10,,,,,,,,
South East,2006,11,6345,2006-11,,,,,,,,
South East,2006,12,5948,2006-12,,,,,,,,
South West,2006,1,5057,2006-1,,,,,,,,
South West,2006,2,4381,2006-2,,,,,,,,
South West,2006,3,5195,2006-3,,,,,,,,
South West,2006,4,4187,2006-4,,,,,,,,
South West,2006,5,4236,2006-5,,,,,,,,
South West,2006,6,4262,2006-6,,,,,,,,
South West,2006,7,3878,2006-7,,,,,,,,
South West,2006,8,4074,2006-8,,,,,,,,
South West,2006,9,3761,2006-9,,,,,,,,
South West,2006,10,4141,2006-10,,,,,,,,
South West,2006,11,4418,2006-11,,,,,,,,
South West,2006,12,4165,2006-12,,,,,,,,
North East,2007,1,2736,2007-1,,,,,,,,
North East,2007,2,2300,2007-2,,,,,,,,
North East,2007,3,2447,2007-3,,,,,,,,
North East,2007,4,2165,2007-4,,,,,,,,
North East,2007,5,2192,2007-5,,,,,,,,
North East,2007,6,1959,2007-6,,,,,,,,
North East,2007,7,2131,2007-7,,,,,,,,
North East,2007,8,2007,2007-8,,,,,,,,
North East,2007,9,1890,2007-9,,,,,,,,
North East,2007,10,2320,2007-10,,,,,,,,
North East,2007,11,2237,2007-11,,,,,,,,
North East,2007,12,2349,2007-12,,,,,,,,
North West,2007,1,7136,2007-1,,,,,,,,
North West,2007,2,6309,2007-2,,,,,,,,
North West,2007,3,6282,2007-3,,,,,,,,
North West,2007,4,5803,2007-4,,,,,,,,
North West,2007,5,5768,2007-5,,,,,,,,
North West,2007,6,5323,2007-6,,,,,,,,
North West,2007,7,5592,2007-7,,,,,,,,
North West,2007,8,5342,2007-8,,,,,,,,
North West,2007,9,4966,2007-9,,,,,,,,
North West,2007,10,5996,2007-10,,,,,,,,
North West,2007,11,6006,2007-11,,,,,,,,
North West,2007,12,5989,2007-12,,,,,,,,
Yorkshire and the Humber,2007,1,5024,2007-1,,,,,,,,
Yorkshire and the Humber,2007,2,4543,2007-2,,,,,,,,
Yorkshire and the Humber,2007,3,4326,2007-3,,,,,,,,
Yorkshire and the Humber,2007,4,4263,2007-4,,,,,,,,
Yorkshire and the Humber,2007,5,4079,2007-5,,,,,,,,
Yorkshire and the Humber,2007,6,3830,2007-6,,,,,,,,
Yorkshire and the Humber,2007,7,3940,2007-7,,,,,,,,
Yorkshire and the Humber,2007,8,3886,2007-8,,,,,,,,
Yorkshire and the Humber,2007,9,3518,2007-9,,,,,,,,
Yorkshire and the Humber,2007,10,4254,2007-10,,,,,,,,
Yorkshire and the Humber,2007,11,4229,2007-11,,,,,,,,
Yorkshire and the Humber,2007,12,4525,2007-12,,,,,,,,
East Midlands,2007,1,4020,2007-1,,,,,,,,
East Midlands,2007,2,3786,2007-2,,,,,,,,
East Midlands,2007,3,3687,2007-3,,,,,,,,
East Midlands,2007,4,3322,2007-4,,,,,,,,
East Midlands,2007,5,3437,2007-5,,,,,,,,
East Midlands,2007,6,3101,2007-6,,,,,,,,
East Midlands,2007,7,3254,2007-7,,,,,,,,
East Midlands,2007,8,3228,2007-8,,,,,,,,
East Midlands,2007,9,2897,2007-9,,,,,,,,
East Midlands,2007,10,3566,2007-10,,,,,,,,
East Midlands,2007,11,3497,2007-11,,,,,,,,
East Midlands,2007,12,3616,2007-12,,,,,,,,
Wales,2007,1,3153,2007-1,,,,,,,,
Wales,2007,2,2906,2007-2,,,,,,,,
Wales,2007,3,2709,2007-3,,,,,,,,
Wales,2007,4,2736,2007-4,,,,,,,,
Wales,2007,5,2676,2007-5,,,,,,,,
Wales,2007,6,2442,2007-6,,,,,,,,
Wales,2007,7,2572,2007-7,,,,,,,,
Wales,2007,8,2471,2007-8,,,,,,,,
Wales,2007,9,2220,2007-9,,,,,,,,
Wales,2007,10,2770,2007-10,,,,,,,,
Wales,2007,11,2713,2007-11,,,,,,,,
Wales,2007,12,2780,2007-12,,,,,,,,
West Midlands,2007,1,5170,2007-1,,,,,,,,
West Midlands,2007,2,4735,2007-2,,,,,,,,
West Midlands,2007,3,4630,2007-3,,,,,,,,
West Midlands,2007,4,4307,2007-4,,,,,,,,
West Midlands,2007,5,4319,2007-5,,,,,,,,
West Midlands,2007,6,3981,2007-6,,,,,,,,
West Midlands,2007,7,4025,2007-7,,,,,,,,
West Midlands,2007,8,3965,2007-8,,,,,,,,
West Midlands,2007,9,3539,2007-9,,,,,,,,
West Midlands,2007,10,4316,2007-10,,,,,,,,
West Midlands,2007,11,4365,2007-11,,,,,,,,
West Midlands,2007,12,4579,2007-12,,,,,,,,
East,2007,1,5227,2007-1,,,,,,,,
East,2007,2,4475,2007-2,,,,,,,,
East,2007,3,4520,2007-3,,,,,,,,
East,2007,4,4215,2007-4,,,,,,,,
East,2007,5,4321,2007-5,,,,,,,,
East,2007,6,3789,2007-6,,,,,,,,
East,2007,7,4051,2007-7,,,,,,,,
East,2007,8,4028,2007-8,,,,,,,,
East,2007,9,3652,2007-9,,,,,,,,
East,2007,10,4375,2007-10,,,,,,,,
East,2007,11,4346,2007-11,,,,,,,,
East,2007,12,4564,2007-12,,,,,,,,
London,2007,1,5079,2007-1,,,,,,,,
London,2007,2,4314,2007-2,,,,,,,,
London,2007,3,4401,2007-3,,,,,,,,
London,2007,4,4128,2007-4,,,,,,,,
London,2007,5,4213,2007-5,,,,,,,,
London,2007,6,3830,2007-6,,,,,,,,
London,2007,7,4003,2007-7,,,,,,,,
London,2007,8,3915,2007-8,,,,,,,,
London,2007,9,3551,2007-9,,,,,,,,
London,2007,10,4149,2007-10,,,,,,,,
London,2007,11,4388,2007-11,,,,,,,,
London,2007,12,4294,2007-12,,,,,,,,
South East,2007,1,7470,2007-1,,,,,,,,
South East,2007,2,6488,2007-2,,,,,,,,
South East,2007,3,6508,2007-3,,,,,,,,
South East,2007,4,6090,2007-4,,,,,,,,
South East,2007,5,6241,2007-5,,,,,,,,
South East,2007,6,5669,2007-6,,,,,,,,
South East,2007,7,5920,2007-7,,,,,,,,
South East,2007,8,5929,2007-8,,,,,,,,
South East,2007,9,5236,2007-9,,,,,,,,
South East,2007,10,6520,2007-10,,,,,,,,
South East,2007,11,6483,2007-11,,,,,,,,
South East,2007,12,6665,2007-12,,,,,,,,
South West,2007,1,5186,2007-1,,,,,,,,
South West,2007,2,4723,2007-2,,,,,,,,
South West,2007,3,4771,2007-3,,,,,,,,
South West,2007,4,4286,2007-4,,,,,,,,
South West,2007,5,4233,2007-5,,,,,,,,
South West,2007,6,4010,2007-6,,,,,,,,
South West,2007,7,4130,2007-7,,,,,,,,
South West,2007,8,4150,2007-8,,,,,,,,
South West,2007,9,3649,2007-9,,,,,,,,
South West,2007,10,4554,2007-10,,,,,,,,
South West,2007,11,4492,2007-11,,,,,,,,
South West,2007,12,4486,2007-12,,,,,,,,
North East,2008,1,2876,2008-1,,,,,,,,
North East,2008,2,2293,2008-2,,,,,,,,
North East,2008,3,2255,2008-3,,,,,,,,
North East,2008,4,2363,2008-4,,,,,,,,
North East,2008,5,2100,2008-5,,,,,,,,
North East,2008,6,1984,2008-6,,,,,,,,
North East,2008,7,2148,2008-7,,,,,,,,
North East,2008,8,1852,2008-8,,,,,,,,
North East,2008,9,2183,2008-9,,,,,,,,
North East,2008,10,2270,2008-10,,,,,,,,
North East,2008,11,2166,2008-11,,,,,,,,
North East,2008,12,2896,2008-12,,,,,,,,
North West,2008,1,7157,2008-1,,,,,,,,
North West,2008,2,5939,2008-2,,,,,,,,
North West,2008,3,5896,2008-3,,,,,,,,
North West,2008,4,6418,2008-4,,,,,,,,
North West,2008,5,5325,2008-5,,,,,,,,
North West,2008,6,5258,2008-6,,,,,,,,
North West,2008,7,5645,2008-7,,,,,,,,
North West,2008,8,4865,2008-8,,,,,,,,
North West,2008,9,5463,2008-9,,,,,,,,
North West,2008,10,5661,2008-10,,,,,,,,
North West,2008,11,5541,2008-11,,,,,,,,
North West,2008,12,7572,2008-12,,,,,,,,
Yorkshire and the Humber,2008,1,5119,2008-1,,,,,,,,
Yorkshire and the Humber,2008,2,4160,2008-2,,,,,,,,
Yorkshire and the Humber,2008,3,4207,2008-3,,,,,,,,
Yorkshire and the Humber,2008,4,4512,2008-4,,,,,,,,
Yorkshire and the Humber,2008,5,3984,2008-5,,,,,,,,
Yorkshire and the Humber,2008,6,3874,2008-6,,,,,,,,
Yorkshire and the Humber,2008,7,3971,2008-7,,,,,,,,
Yorkshire and the Humber,2008,8,3441,2008-8,,,,,,,,
Yorkshire and the Humber,2008,9,3830,2008-9,,,,,,,,
Yorkshire and the Humber,2008,10,4141,2008-10,,,,,,,,
Yorkshire and the Humber,2008,11,3908,2008-11,,,,,,,,
Yorkshire and the Humber,2008,12,5392,2008-12,,,,,,,,
East Midlands,2008,1,4197,2008-1,,,,,,,,
East Midlands,2008,2,3471,2008-2,,,,,,,,
East Midlands,2008,3,3454,2008-3,,,,,,,,
East Midlands,2008,4,3888,2008-4,,,,,,,,
East Midlands,2008,5,3224,2008-5,,,,,,,,
East Midlands,2008,6,3194,2008-6,,,,,,,,
East Midlands,2008,7,3326,2008-7,,,,,,,,
East Midlands,2008,8,2926,2008-8,,,,,,,,
East Midlands,2008,9,3178,2008-9,,,,,,,,
East Midlands,2008,10,3527,2008-10,,,,,,,,
East Midlands,2008,11,3324,2008-11,,,,,,,,
East Midlands,2008,12,4587,2008-12,,,,,,,,
Wales,2008,1,3151,2008-1,,,,,,,,
Wales,2008,2,2634,2008-2,,,,,,,,
Wales,2008,3,2785,2008-3,,,,,,,,
Wales,2008,4,2874,2008-4,,,,,,,,
Wales,2008,5,2497,2008-5,,,,,,,,
Wales,2008,6,2343,2008-6,,,,,,,,
Wales,2008,7,2593,2008-7,,,,,,,,
Wales,2008,8,2196,2008-8,,,,,,,,
Wales,2008,9,2466,2008-9,,,,,,,,
Wales,2008,10,2664,2008-10,,,,,,,,
Wales,2008,11,2481,2008-11,,,,,,,,
Wales,2008,12,3382,2008-12,,,,,,,,
West Midlands,2008,1,5518,2008-1,,,,,,,,
West Midlands,2008,2,4364,2008-2,,,,,,,,
West Midlands,2008,3,4246,2008-3,,,,,,,,
West Midlands,2008,4,4785,2008-4,,,,,,,,
West Midlands,2008,5,3928,2008-5,,,,,,,,
West Midlands,2008,6,3869,2008-6,,,,,,,,
West Midlands,2008,7,4189,2008-7,,,,,,,,
West Midlands,2008,8,3608,2008-8,,,,,,,,
West Midlands,2008,9,3947,2008-9,,,,,,,,
West Midlands,2008,10,4418,2008-10,,,,,,,,
West Midlands,2008,11,3885,2008-11,,,,,,,,
West Midlands,2008,12,5561,2008-12,,,,,,,,
East,2008,1,5330,2008-1,,,,,,,,
East,2008,2,4450,2008-2,,,,,,,,
East,2008,3,4421,2008-3,,,,,,,,
East,2008,4,4832,2008-4,,,,,,,,
East,2008,5,4141,2008-5,,,,,,,,
East,2008,6,3842,2008-6,,,,,,,,
East,2008,7,4077,2008-7,,,,,,,,
East,2008,8,3570,2008-8,,,,,,,,
East,2008,9,4064,2008-9,,,,,,,,
East,2008,10,4501,2008-10,,,,,,,,
East,2008,11,4038,2008-11,,,,,,,,
East,2008,12,5423,2008-12,,,,,,,,
London,2008,1,5168,2008-1,,,,,,,,
London,2008,2,4320,2008-2,,,,,,,,
London,2008,3,4282,2008-3,,,,,,,,
London,2008,4,4587,2008-4,,,,,,,,
London,2008,5,3907,2008-5,,,,,,,,
London,2008,6,3752,2008-6,,,,,,,,
London,2008,7,3919,2008-7,,,,,,,,
London,2008,8,3441,2008-8,,,,,,,,
London,2008,9,3736,2008-9,,,,,,,,
London,2008,10,4088,2008-10,,,,,,,,
London,2008,11,4018,2008-11,,,,,,,,
London,2008,12,5258,2008-12,,,,,,,,
South East,2008,1,7832,2008-1,,,,,,,,
South East,2008,2,6294,2008-2,,,,,,,,
South East,2008,3,6173,2008-3,,,,,,,,
South East,2008,4,6871,2008-4,,,,,,,,
South East,2008,5,5897,2008-5,,,,,,,,
South East,2008,6,5685,2008-6,,,,,,,,
South East,2008,7,5864,2008-7,,,,,,,,
South East,2008,8,5268,2008-8,,,,,,,,
South East,2008,9,5903,2008-9,,,,,,,,
South East,2008,10,6385,2008-10,,,,,,,,
South East,2008,11,5847,2008-11,,,,,,,,
South East,2008,12,7898,2008-12,,,,,,,,
South West,2008,1,5603,2008-1,,,,,,,,
South West,2008,2,4332,2008-2,,,,,,,,
South West,2008,3,4209,2008-3,,,,,,,,
South West,2008,4,4799,2008-4,,,,,,,,
South West,2008,5,4131,2008-5,,,,,,,,
South West,2008,6,3940,2008-6,,,,,,,,
South West,2008,7,4229,2008-7,,,,,,,,
South West,2008,8,3711,2008-8,,,,,,,,
South West,2008,9,4325,2008-9,,,,,,,,
South West,2008,10,4406,2008-10,,,,,,,,
South West,2008,11,4198,2008-11,,,,,,,,
South West,2008,12,5519,2008-12,,,,,,,,
North East,2009,1,2772,2009-1,,,,,,,,
North East,2009,2,2198,2009-2,,,,,,,,
North East,2009,3,2241,2009-3,,,,,,,,
North East,2009,4,2179,2009-4,,,,,,,,
North East,2009,5,2031,2009-5,,,,,,,,
North East,2009,6,2026,2009-6,,,,,,,,
North East,2009,7,2037,2009-7,,,,,,,,
North East,2009,8,1809,2009-8,,,,,,,,
North East,2009,9,2064,2009-9,,,,,,,,
North East,2009,10,2154,2009-10,,,,,,,,
North East,2009,11,2075,2009-11,,,,,,,,
North East,2009,12,2425,2009-12,,,,,,,,
North West,2009,1,7327,2009-1,,,,,,,,
North West,2009,2,5677,2009-2,,,,,,,,
North West,2009,3,5885,2009-3,,,,,,,,
North West,2009,4,5595,2009-4,,,,,,,,
North West,2009,5,5094,2009-5,,,,,,,,
North West,2009,6,5289,2009-6,,,,,,,,
North West,2009,7,5291,2009-7,,,,,,,,
North West,2009,8,4767,2009-8,,,,,,,,
North West,2009,9,5348,2009-9,,,,,,,,
North West,2009,10,5569,2009-10,,,,,,,,
North West,2009,11,5545,2009-11,,,,,,,,
North West,2009,12,6550,2009-12,,,,,,,,
Yorkshire and the Humber,2009,1,5233,2009-1,,,,,,,,
Yorkshire and the Humber,2009,2,4128,2009-2,,,,,,,,
Yorkshire and the Humber,2009,3,4189,2009-3,,,,,,,,
Yorkshire and the Humber,2009,4,3926,2009-4,,,,,,,,
Yorkshire and the Humber,2009,5,3649,2009-5,,,,,,,,
Yorkshire and the Humber,2009,6,3839,2009-6,,,,,,,,
Yorkshire and the Humber,2009,7,3729,2009-7,,,,,,,,
Yorkshire and the Humber,2009,8,3308,2009-8,,,,,,,,
Yorkshire and the Humber,2009,9,3902,2009-9,,,,,,,,
Yorkshire and the Humber,2009,10,4049,2009-10,,,,,,,,
Yorkshire and the Humber,2009,11,3997,2009-11,,,,,,,,
Yorkshire and the Humber,2009,12,4676,2009-12,,,,,,,,
East Midlands,2009,1,4476,2009-1,,,,,,,,
East Midlands,2009,2,3354,2009-2,,,,,,,,
East Midlands,2009,3,3520,2009-3,,,,,,,,
East Midlands,2009,4,3443,2009-4,,,,,,,,
East Midlands,2009,5,3107,2009-5,,,,,,,,
East Midlands,2009,6,3290,2009-6,,,,,,,,
East Midlands,2009,7,3083,2009-7,,,,,,,,
East Midlands,2009,8,2847,2009-8,,,,,,,,
East Midlands,2009,9,3194,2009-9,,,,,,,,
East Midlands,2009,10,3425,2009-10,,,,,,,,
East Midlands,2009,11,3340,2009-11,,,,,,,,
East Midlands,2009,12,3801,2009-12,,,,,,,,
West Midlands,2009,1,5555,2009-1,,,,,,,,
West Midlands,2009,2,4282,2009-2,,,,,,,,
West Midlands,2009,3,4364,2009-3,,,,,,,,
West Midlands,2009,4,4116,2009-4,,,,,,,,
West Midlands,2009,5,3687,2009-5,,,,,,,,
West Midlands,2009,6,3949,2009-6,,,,,,,,
West Midlands,2009,7,3827,2009-7,,,,,,,,
West Midlands,2009,8,3467,2009-8,,,,,,,,
West Midlands,2009,9,3997,2009-9,,,,,,,,
West Midlands,2009,10,4000,2009-10,,,,,,,,
West Midlands,2009,11,4057,2009-11,,,,,,,,
West Midlands,2009,12,4793,2009-12,,,,,,,,
East,2009,1,5738,2009-1,,,,,,,,
East,2009,2,4298,2009-2,,,,,,,,
East,2009,3,4487,2009-3,,,,,,,,
East,2009,4,4214,2009-4,,,,,,,,
East,2009,5,3775,2009-5,,,,,,,,
East,2009,6,4012,2009-6,,,,,,,,
East,2009,7,3959,2009-7,,,,,,,,
East,2009,8,3453,2009-8,,,,,,,,
East,2009,9,4077,2009-9,,,,,,,,
East,2009,10,4095,2009-10,,,,,,,,
East,2009,11,4224,2009-11,,,,,,,,
East,2009,12,4734,2009-12,,,,,,,,
London,2009,1,5430,2009-1,,,,,,,,
London,2009,2,4116,2009-2,,,,,,,,
London,2009,3,4134,2009-3,,,,,,,,
London,2009,4,4022,2009-4,,,,,,,,
London,2009,5,3593,2009-5,,,,,,,,
London,2009,6,3838,2009-6,,,,,,,,
London,2009,7,3757,2009-7,,,,,,,,
London,2009,8,3322,2009-8,,,,,,,,
London,2009,9,3834,2009-9,,,,,,,,
London,2009,10,4053,2009-10,,,,,,,,
London,2009,11,3970,2009-11,,,,,,,,
London,2009,12,4482,2009-12,,,,,,,,
South East,2009,1,8835,2009-1,,,,,,,,
South East,2009,2,6256,2009-2,,,,,,,,
South East,2009,3,6328,2009-3,,,,,,,,
South East,2009,4,5948,2009-4,,,,,,,,
South East,2009,5,5417,2009-5,,,,,,,,
South East,2009,6,5920,2009-6,,,,,,,,
South East,2009,7,5662,2009-7,,,,,,,,
South East,2009,8,4997,2009-8,,,,,,,,
South East,2009,9,5922,2009-9,,,,,,,,
South East,2009,10,5961,2009-10,,,,,,,,
South East,2009,11,6107,2009-11,,,,,,,,
South East,2009,12,6623,2009-12,,,,,,,,
South West,2009,1,6019,2009-1,,,,,,,,
South West,2009,2,4417,2009-2,,,,,,,,
South West,2009,3,4455,2009-3,,,,,,,,
South West,2009,4,4274,2009-4,,,,,,,,
South West,2009,5,3840,2009-5,,,,,,,,
South West,2009,6,4136,2009-6,,,,,,,,
South West,2009,7,4081,2009-7,,,,,,,,
South West,2009,8,3509,2009-8,,,,,,,,
South West,2009,9,4232,2009-9,,,,,,,,
South West,2009,10,4259,2009-10,,,,,,,,
South West,2009,11,4172,2009-11,,,,,,,,
South West,2009,12,4707,2009-12,,,,,,,,
Wales,2009,1,3553,2009-1,,,,,,,,
Wales,2009,2,2622,2009-2,,,,,,,,
Wales,2009,3,2699,2009-3,,,,,,,,
Wales,2009,4,2492,2009-4,,,,,,,,
Wales,2009,5,2307,2009-5,,,,,,,,
Wales,2009,6,2456,2009-6,,,,,,,,
Wales,2009,7,2451,2009-7,,,,,,,,
Wales,2009,8,2037,2009-8,,,,,,,,
Wales,2009,9,2443,2009-9,,,,,,,,
Wales,2009,10,2525,2009-10,,,,,,,,
Wales,2009,11,2543,2009-11,,,,,,,,
Wales,2009,12,2878,2009-12,,,,,,,,
North East,2010,1,2365,2010-1,,,,,,,,
North East,2010,2,2103,2010-2,,,,,,,,
North East,2010,3,2381,2010-3,,,,,,,,
North East,2010,4,2117,2010-4,,,,,,,,
North East,2010,5,1940,2010-5,,,,,,,,
North East,2010,6,2203,2010-6,,,,,,,,
North East,2010,7,1997,2010-7,,,,,,,,
North East,2010,8,1940,2010-8,,,,,,,,
North East,2010,9,2004,2010-9,,,,,,,,
North East,2010,10,2099,2010-10,,,,,,,,
North East,2010,11,2189,2010-11,,,,,,,,
North East,2010,12,2487,2010-12,,,,,,,,
North West,2010,1,6539,2010-1,,,,,,,,
North West,2010,2,5520,2010-2,,,,,,,,
North West,2010,3,6259,2010-3,,,,,,,,
North West,2010,4,5598,2010-4,,,,,,,,
North West,2010,5,4969,2010-5,,,,,,,,
North West,2010,6,5472,2010-6,,,,,,,,
North West,2010,7,5032,2010-7,,,,,,,,
North West,2010,8,4914,2010-8,,,,,,,,
North West,2010,9,5517,2010-9,,,,,,,,
North West,2010,10,5287,2010-10,,,,,,,,
North West,2010,11,5943,2010-11,,,,,,,,
North West,2010,12,6688,2010-12,,,,,,,,
Yorkshire and the Humber,2010,1,4653,2010-1,,,,,,,,
Yorkshire and the Humber,2010,2,3936,2010-2,,,,,,,,
Yorkshire and the Humber,2010,3,4422,2010-3,,,,,,,,
Yorkshire and the Humber,2010,4,3974,2010-4,,,,,,,,
Yorkshire and the Humber,2010,5,3700,2010-5,,,,,,,,
Yorkshire and the Humber,2010,6,4014,2010-6,,,,,,,,
Yorkshire and the Humber,2010,7,3617,2010-7,,,,,,,,
Yorkshire and the Humber,2010,8,3679,2010-8,,,,,,,,
Yorkshire and the Humber,2010,9,3876,2010-9,,,,,,,,
Yorkshire and the Humber,2010,10,3845,2010-10,,,,,,,,
Yorkshire and the Humber,2010,11,4161,2010-11,,,,,,,,
Yorkshire and the Humber,2010,12,4849,2010-12,,,,,,,,
East Midlands,2010,1,4103,2010-1,,,,,,,,
East Midlands,2010,2,3413,2010-2,,,,,,,,
East Midlands,2010,3,3698,2010-3,,,,,,,,
East Midlands,2010,4,3352,2010-4,,,,,,,,
East Midlands,2010,5,3025,2010-5,,,,,,,,
East Midlands,2010,6,3322,2010-6,,,,,,,,
East Midlands,2010,7,3008,2010-7,,,,,,,,
East Midlands,2010,8,2883,2010-8,,,,,,,,
East Midlands,2010,9,3390,2010-9,,,,,,,,
East Midlands,2010,10,3135,2010-10,,,,,,,,
East Midlands,2010,11,3616,2010-11,,,,,,,,
East Midlands,2010,12,4025,2010-12,,,,,,,,
West Midlands,2010,1,4950,2010-1,,,,,,,,
West Midlands,2010,2,4169,2010-2,,,,,,,,
West Midlands,2010,3,4628,2010-3,,,,,,,,
West Midlands,2010,4,4184,2010-4,,,,,,,,
West Midlands,2010,5,3654,2010-5,,,,,,,,
West Midlands,2010,6,4109,2010-6,,,,,,,,
West Midlands,2010,7,3773,2010-7,,,,,,,,
West Midlands,2010,8,3779,2010-8,,,,,,,,
West Midlands,2010,9,3975,2010-9,,,,,,,,
West Midlands,2010,10,3923,2010-10,,,,,,,,
West Midlands,2010,11,4212,2010-11,,,,,,,,
West Midlands,2010,12,5023,2010-12,,,,,,,,
East,2010,1,4999,2010-1,,,,,,,,
East,2010,2,4437,2010-2,,,,,,,,
East,2010,3,4781,2010-3,,,,,,,,
East,2010,4,4374,2010-4,,,,,,,,
East,2010,5,3843,2010-5,,,,,,,,
East,2010,6,4220,2010-6,,,,,,,,
East,2010,7,3832,2010-7,,,,,,,,
East,2010,8,3688,2010-8,,,,,,,,
East,2010,9,4030,2010-9,,,,,,,,
East,2010,10,4138,2010-10,,,,,,,,
East,2010,11,4421,2010-11,,,,,,,,
East,2010,12,5013,2010-12,,,,,,,,
London,2010,1,4772,2010-1,,,,,,,,
London,2010,2,4111,2010-2,,,,,,,,
London,2010,3,4328,2010-3,,,,,,,,
London,2010,4,3951,2010-4,,,,,,,,
London,2010,5,3629,2010-5,,,,,,,,
London,2010,6,3932,2010-6,,,,,,,,
London,2010,7,3716,2010-7,,,,,,,,
London,2010,8,3529,2010-8,,,,,,,,
London,2010,9,3804,2010-9,,,,,,,,
London,2010,10,3848,2010-10,,,,,,,,
London,2010,11,4024,2010-11,,,,,,,,
London,2010,12,4653,2010-12,,,,,,,,
South East,2010,1,7619,2010-1,,,,,,,,
South East,2010,2,6293,2010-2,,,,,,,,
South East,2010,3,6900,2010-3,,,,,,,,
South East,2010,4,6106,2010-4,,,,,,,,
South East,2010,5,5531,2010-5,,,,,,,,
South East,2010,6,6098,2010-6,,,,,,,,
South East,2010,7,5472,2010-7,,,,,,,,
South East,2010,8,5501,2010-8,,,,,,,,
South East,2010,9,5977,2010-9,,,,,,,,
South East,2010,10,5917,2010-10,,,,,,,,
South East,2010,11,6460,2010-11,,,,,,,,
South East,2010,12,7283,2010-12,,,,,,,,
South West,2010,1,5195,2010-1,,,,,,,,
South West,2010,2,4384,2010-2,,,,,,,,
South West,2010,3,4838,2010-3,,,,,,,,
South West,2010,4,4319,2010-4,,,,,,,,
South West,2010,5,3872,2010-5,,,,,,,,
South West,2010,6,4160,2010-6,,,,,,,,
South West,2010,7,3933,2010-7,,,,,,,,
South West,2010,8,3862,2010-8,,,,,,,,
South West,2010,9,4269,2010-9,,,,,,,,
South West,2010,10,3967,2010-10,,,,,,,,
South West,2010,11,4383,2010-11,,,,,,,,
South West,2010,12,4967,2010-12,,,,,,,,
Wales,2010,1,3074,2010-1,,,,,,,,
Wales,2010,2,2618,2010-2,,,,,,,,
Wales,2010,3,2836,2010-3,,,,,,,,
Wales,2010,4,2532,2010-4,,,,,,,,
Wales,2010,5,2276,2010-5,,,,,,,,
Wales,2010,6,2550,2010-6,,,,,,,,
Wales,2010,7,2419,2010-7,,,,,,,,
Wales,2010,8,2204,2010-8,,,,,,,,
Wales,2010,9,2475,2010-9,,,,,,,,
Wales,2010,10,2381,2010-10,,,,,,,,
Wales,2010,11,2629,2010-11,,,,,,,,
Wales,2010,12,3203,2010-12,,,,,,,,
North East,2011,1,2523,2011-1,,,,,,,,
North East,2011,2,2209,2011-2,,,,,,,,
North East,2011,3,2320,2011-3,,,,,,,,
North East,2011,4,1911,2011-4,,,,,,,,
North East,2011,5,2193,2011-5,,,,,,,,
North East,2011,6,2080,2011-6,,,,,,,,
North East,2011,7,1912,2011-7,,,,,,,,
North East,2011,8,2061,2011-8,,,,,,,,
North East,2011,9,2015,2011-9,,,,,,,,
North East,2011,10,1978,2011-10,,,,,,,,
North East,2011,11,2163,2011-11,,,,,,,,
North East,2011,12,2346,2011-12,,,,,,,,
North West,2011,1,6762,2011-1,,,,,,,,
North West,2011,2,5434,2011-2,,,,,,,,
North West,2011,3,5978,2011-3,,,,,,,,
North West,2011,4,5122,2011-4,,,,,,,,
North West,2011,5,5491,2011-5,,,,,,,,
North West,2011,6,5478,2011-6,,,,,,,,
North West,2011,7,4917,2011-7,,,,,,,,
North West,2011,8,5341,2011-8,,,,,,,,
North West,2011,9,5120,2011-9,,,,,,,,
North West,2011,10,5062,2011-10,,,,,,,,
North West,2011,11,5553,2011-11,,,,,,,,
North West,2011,12,6114,2011-12,,,,,,,,
Yorkshire and the Humber,2011,1,5020,2011-1,,,,,,,,
Yorkshire and the Humber,2011,2,3884,2011-2,,,,,,,,
Yorkshire and the Humber,2011,3,4395,2011-3,,,,,,,,
Yorkshire and the Humber,2011,4,3760,2011-4,,,,,,,,
Yorkshire and the Humber,2011,5,3988,2011-5,,,,,,,,
Yorkshire and the Humber,2011,6,3943,2011-6,,,,,,,,
Yorkshire and the Humber,2011,7,3573,2011-7,,,,,,,,
Yorkshire and the Humber,2011,8,3800,2011-8,,,,,,,,
Yorkshire and the Humber,2011,9,3913,2011-9,,,,,,,,
Yorkshire and the Humber,2011,10,3782,2011-10,,,,,,,,
Yorkshire and the Humber,2011,11,4063,2011-11,,,,,,,,
Yorkshire and the Humber,2011,12,4406,2011-12,,,,,,,,
East Midlands,2011,1,4392,2011-1,,,,,,,,
East Midlands,2011,2,3291,2011-2,,,,,,,,
East Midlands,2011,3,3664,2011-3,,,,,,,,
East Midlands,2011,4,3156,2011-4,,,,,,,,
East Midlands,2011,5,3209,2011-5,,,,,,,,
East Midlands,2011,6,3300,2011-6,,,,,,,,
East Midlands,2011,7,2901,2011-7,,,,,,,,
East Midlands,2011,8,3125,2011-8,,,,,,,,
East Midlands,2011,9,3170,2011-9,,,,,,,,
East Midlands,2011,10,3078,2011-10,,,,,,,,
East Midlands,2011,11,3442,2011-11,,,,,,,,
East Midlands,2011,12,3651,2011-12,,,,,,,,
West Midlands,2011,1,5064,2011-1,,,,,,,,
West Midlands,2011,2,4023,2011-2,,,,,,,,
West Midlands,2011,3,4520,2011-3,,,,,,,,
West Midlands,2011,4,3671,2011-4,,,,,,,,
West Midlands,2011,5,4054,2011-5,,,,,,,,
West Midlands,2011,6,4046,2011-6,,,,,,,,
West Midlands,2011,7,3742,2011-7,,,,,,,,
West Midlands,2011,8,3851,2011-8,,,,,,,,
West Midlands,2011,9,3869,2011-9,,,,,,,,
West Midlands,2011,10,3738,2011-10,,,,,,,,
West Midlands,2011,11,4161,2011-11,,,,,,,,
West Midlands,2011,12,4371,2011-12,,,,,,,,
East,2011,1,5041,2011-1,,,,,,,,
East,2011,2,4086,2011-2,,,,,,,,
East,2011,3,4681,2011-3,,,,,,,,
East,2011,4,3892,2011-4,,,,,,,,
East,2011,5,4185,2011-5,,,,,,,,
East,2011,6,4248,2011-6,,,,,,,,
East,2011,7,3718,2011-7,,,,,,,,
East,2011,8,3963,2011-8,,,,,,,,
East,2011,9,4049,2011-9,,,,,,,,
East,2011,10,3872,2011-10,,,,,,,,
East,2011,11,4248,2011-11,,,,,,,,
East,2011,12,4578,2011-12,,,,,,,,
London,2011,1,4783,2011-1,,,,,,,,
London,2011,2,3733,2011-2,,,,,,,,
London,2011,3,4197,2011-3,,,,,,,,
London,2011,4,3593,2011-4,,,,,,,,
London,2011,5,3734,2011-5,,,,,,,,
London,2011,6,3839,2011-6,,,,,,,,
London,2011,7,3448,2011-7,,,,,,,,
London,2011,8,3891,2011-8,,,,,,,,
London,2011,9,3755,2011-9,,,,,,,,
London,2011,10,3593,2011-10,,,,,,,,
London,2011,11,3890,2011-11,,,,,,,,
London,2011,12,4229,2011-12,,,,,,,,
South East,2011,1,7879,2011-1,,,,,,,,
South East,2011,2,5966,2011-2,,,,,,,,
South East,2011,3,6869,2011-3,,,,,,,,
South East,2011,4,5545,2011-4,,,,,,,,
South East,2011,5,6310,2011-5,,,,,,,,
South East,2011,6,6141,2011-6,,,,,,,,
South East,2011,7,5271,2011-7,,,,,,,,
South East,2011,8,5804,2011-8,,,,,,,,
South East,2011,9,5926,2011-9,,,,,,,,
South East,2011,10,5748,2011-10,,,,,,,,
South East,2011,11,6161,2011-11,,,,,,,,
South East,2011,12,6515,2011-12,,,,,,,,
South West,2011,1,5371,2011-1,,,,,,,,
South West,2011,2,4107,2011-2,,,,,,,,
South West,2011,3,4718,2011-3,,,,,,,,
South West,2011,4,3871,2011-4,,,,,,,,
South West,2011,5,4273,2011-5,,,,,,,,
South West,2011,6,4323,2011-6,,,,,,,,
South West,2011,7,3793,2011-7,,,,,,,,
South West,2011,8,4088,2011-8,,,,,,,,
South West,2011,9,4076,2011-9,,,,,,,,
South West,2011,10,3889,2011-10,,,,,,,,
South West,2011,11,4339,2011-11,,,,,,,,
South West,2011,12,4534,2011-12,,,,,,,,
Wales,2011,1,3058,2011-1,,,,,,,,
Wales,2011,2,2545,2011-2,,,,,,,,
Wales,2011,3,2787,2011-3,,,,,,,,
Wales,2011,4,2347,2011-4,,,,,,,,
Wales,2011,5,2566,2011-5,,,,,,,,
Wales,2011,6,2506,2011-6,,,,,,,,
Wales,2011,7,2266,2011-7,,,,,,,,
Wales,2011,8,2359,2011-8,,,,,,,,
Wales,2011,9,2360,2011-9,,,,,,,,
Wales,2011,10,2379,2011-10,,,,,,,,
Wales,2011,11,2523,2011-11,,,,,,,,
Wales,2011,12,2730,2011-12,,,,,,,,
Wales,2012,1,2922,2012-1,,,,,,,,
Wales,2012,2,2611,2012-2,,,,,,,,
Wales,2012,3,2768,2012-3,,,,,,,,
Wales,2012,4,2668,2012-4,,,,,,,,
Wales,2012,5,2830,2012-5,,,,,,,,
Wales,2012,6,2291,2012-6,,,,,,,,
Wales,2012,7,2544,2012-7,,,,,,,,
Wales,2012,8,2489,2012-8,,,,,,,,
Wales,2012,9,2199,2012-9,,,,,,,,
Wales,2012,10,2689,2012-10,,,,,,,,
Wales,2012,11,2703,2012-11,,,,,,,,
Wales,2012,12,2788,2012-12,,,,,,,,
North East,2012,1,2472,2012-1,,,,,,,,
North East,2012,2,2187,2012-2,,,,,,,,
North East,2012,3,2188,2012-3,,,,,,,,
North East,2012,4,2241,2012-4,,,,,,,,
North East,2012,5,2287,2012-5,,,,,,,,
North East,2012,6,1978,2012-6,,,,,,,,
North East,2012,7,2113,2012-7,,,,,,,,
North East,2012,8,2024,2012-8,,,,,,,,
North East,2012,9,1922,2012-9,,,,,,,,
North East,2012,10,2247,2012-10,,,,,,,,
North East,2012,11,2249,2012-11,,,,,,,,
North East,2012,12,2420,2012-12,,,,,,,,
North West,2012,1,6329,2012-1,,,,,,,,
North West,2012,2,5926,2012-2,,,,,,,,
North West,2012,3,5910,2012-3,,,,,,,,
North West,2012,4,5717,2012-4,,,,,,,,
North West,2012,5,6164,2012-5,,,,,,,,
North West,2012,6,5035,2012-6,,,,,,,,
North West,2012,7,5406,2012-7,,,,,,,,
North West,2012,8,5269,2012-8,,,,,,,,
North West,2012,9,4905,2012-9,,,,,,,,
North West,2012,10,6112,2012-10,,,,,,,,
North West,2012,11,5666,2012-11,,,,,,,,
North West,2012,12,5823,2012-12,,,,,,,,
Yorkshire and the Humber,2012,1,4826,2012-1,,,,,,,,
Yorkshire and the Humber,2012,2,4448,2012-2,,,,,,,,
Yorkshire and the Humber,2012,3,4280,2012-3,,,,,,,,
Yorkshire and the Humber,2012,4,4087,2012-4,,,,,,,,
Yorkshire and the Humber,2012,5,4259,2012-5,,,,,,,,
Yorkshire and the Humber,2012,6,3678,2012-6,,,,,,,,
Yorkshire and the Humber,2012,7,3985,2012-7,,,,,,,,
Yorkshire and the Humber,2012,8,3891,2012-8,,,,,,,,
Yorkshire and the Humber,2012,9,3567,2012-9,,,,,,,,
Yorkshire and the Humber,2012,10,4260,2012-10,,,,,,,,
Yorkshire and the Humber,2012,11,4110,2012-11,,,,,,,,
Yorkshire and the Humber,2012,12,4180,2012-12,,,,,,,,
East Midlands,2012,1,3854,2012-1,,,,,,,,
East Midlands,2012,2,3724,2012-2,,,,,,,,
East Midlands,2012,3,3698,2012-3,,,,,,,,
East Midlands,2012,4,3526,2012-4,,,,,,,,
East Midlands,2012,5,3660,2012-5,,,,,,,,
East Midlands,2012,6,3131,2012-6,,,,,,,,
East Midlands,2012,7,3256,2012-7,,,,,,,,
East Midlands,2012,8,3265,2012-8,,,,,,,,
East Midlands,2012,9,2943,2012-9,,,,,,,,
East Midlands,2012,10,3519,2012-10,,,,,,,,
East Midlands,2012,11,3444,2012-11,,,,,,,,
East Midlands,2012,12,3558,2012-12,,,,,,,,
West Midlands,2012,1,4720,2012-1,,,,,,,,
West Midlands,2012,2,4445,2012-2,,,,,,,,
West Midlands,2012,3,4417,2012-3,,,,,,,,
West Midlands,2012,4,4204,2012-4,,,,,,,,
West Midlands,2012,5,4566,2012-5,,,,,,,,
West Midlands,2012,6,3784,2012-6,,,,,,,,
West Midlands,2012,7,4012,2012-7,,,,,,,,
West Midlands,2012,8,4079,2012-8,,,,,,,,
West Midlands,2012,9,3631,2012-9,,,,,,,,
West Midlands,2012,10,4345,2012-10,,,,,,,,
West Midlands,2012,11,4339,2012-11,,,,,,,,
West Midlands,2012,12,4358,2012-12,,,,,,,,
East,2012,1,4862,2012-1,,,,,,,,
East,2012,2,4779,2012-2,,,,,,,,
East,2012,3,4815,2012-3,,,,,,,,
East,2012,4,4469,2012-4,,,,,,,,
East,2012,5,4644,2012-5,,,,,,,,
East,2012,6,3810,2012-6,,,,,,,,
East,2012,7,4084,2012-7,,,,,,,,
East,2012,8,4186,2012-8,,,,,,,,
East,2012,9,3604,2012-9,,,,,,,,
East,2012,10,4466,2012-10,,,,,,,,
East,2012,11,4449,2012-11,,,,,,,,
East,2012,12,4415,2012-12,,,,,,,,
London,2012,1,4603,2012-1,,,,,,,,
London,2012,2,4626,2012-2,,,,,,,,
London,2012,3,4300,2012-3,,,,,,,,
London,2012,4,3908,2012-4,,,,,,,,
London,2012,5,4109,2012-5,,,,,,,,
London,2012,6,3454,2012-6,,,,,,,,
London,2012,7,3743,2012-7,,,,,,,,
London,2012,8,3630,2012-8,,,,,,,,
London,2012,9,3276,2012-9,,,,,,,,
London,2012,10,4128,2012-10,,,,,,,,
London,2012,11,4089,2012-11,,,,,,,,
London,2012,12,4032,2012-12,,,,,,,,
South East,2012,1,7279,2012-1,,,,,,,,
South East,2012,2,7021,2012-2,,,,,,,,
South East,2012,3,6991,2012-3,,,,,,,,
South East,2012,4,6399,2012-4,,,,,,,,
South East,2012,5,6718,2012-5,,,,,,,,
South East,2012,6,5468,2012-6,,,,,,,,
South East,2012,7,5845,2012-7,,,,,,,,
South East,2012,8,5881,2012-8,,,,,,,,
South East,2012,9,5274,2012-9,,,,,,,,
South East,2012,10,6705,2012-10,,,,,,,,
South East,2012,11,6472,2012-11,,,,,,,,
South East,2012,12,6526,2012-12,,,,,,,,
South West,2012,1,4937,2012-1,,,,,,,,
South West,2012,2,4705,2012-2,,,,,,,,
South West,2012,3,4700,2012-3,,,,,,,,
South West,2012,4,4377,2012-4,,,,,,,,
South West,2012,5,4680,2012-5,,,,,,,,
South West,2012,6,3965,2012-6,,,,,,,,
South West,2012,7,4213,2012-7,,,,,,,,
South West,2012,8,4210,2012-8,,,,,,,,
South West,2012,9,3812,2012-9,,,,,,,,
South West,2012,10,4612,2012-10,,,,,,,,
South West,2012,11,4512,2012-11,,,,,,,,
South West,2012,12,4357,2012-12,,,,,,,,
Wales,2013,1,3321,2013-1,,,,,,,,
Wales,2013,2,2710,2013-2,,,,,,,,
Wales,2013,3,2918,2013-3,,,,,,,,
Wales,2013,4,3278,2013-4,,,,,,,,
Wales,2013,5,2704,2013-5,,,,,,,,
Wales,2013,6,2276,2013-6,,,,,,,,
Wales,2013,7,2449,2013-7,,,,,,,,
Wales,2013,8,2263,2013-8,,,,,,,,
Wales,2013,9,2327,2013-9,,,,,,,,
Wales,2013,10,2629,2013-10,,,,,,,,
Wales,2013,11,2531,2013-11,,,,,,,,
Wales,2013,12,2732,2013-12,,,,,,,,
North East,2013,1,2986,2013-1,,,,,,,,
North East,2013,2,2264,2013-2,,,,,,,,
North East,2013,3,2119,2013-3,,,,,,,,
North East,2013,4,2433,2013-4,,,,,,,,
North East,2013,5,2251,2013-5,,,,,,,,
North East,2013,6,1914,2013-6,,,,,,,,
North East,2013,7,2037,2013-7,,,,,,,,
North East,2013,8,1847,2013-8,,,,,,,,
North East,2013,9,1946,2013-9,,,,,,,,
North East,2013,10,2327,2013-10,,,,,,,,
North East,2013,11,2187,2013-11,,,,,,,,
North East,2013,12,2154,2013-12,,,,,,,,
North West,2013,1,7179,2013-1,,,,,,,,
North West,2013,2,6091,2013-2,,,,,,,,
North West,2013,3,6238,2013-3,,,,,,,,
North West,2013,4,6778,2013-4,,,,,,,,
North West,2013,5,5713,2013-5,,,,,,,,
North West,2013,6,4779,2013-6,,,,,,,,
North West,2013,7,5448,2013-7,,,,,,,,
North West,2013,8,4866,2013-8,,,,,,,,
North West,2013,9,4979,2013-9,,,,,,,,
North West,2013,10,5720,2013-10,,,,,,,,
North West,2013,11,5419,2013-11,,,,,,,,
North West,2013,12,5835,2013-12,,,,,,,,
Yorkshire and the Humber,2013,1,5314,2013-1,,,,,,,,
Yorkshire and the Humber,2013,2,4391,2013-2,,,,,,,,
Yorkshire and the Humber,2013,3,4452,2013-3,,,,,,,,
Yorkshire and the Humber,2013,4,4883,2013-4,,,,,,,,
Yorkshire and the Humber,2013,5,4207,2013-5,,,,,,,,
Yorkshire and the Humber,2013,6,3463,2013-6,,,,,,,,
Yorkshire and the Humber,2013,7,3983,2013-7,,,,,,,,
Yorkshire and the Humber,2013,8,3606,2013-8,,,,,,,,
Yorkshire and the Humber,2013,9,3697,2013-9,,,,,,,,
Yorkshire and the Humber,2013,10,4081,2013-10,,,,,,,,
Yorkshire and the Humber,2013,11,3893,2013-11,,,,,,,,
Yorkshire and the Humber,2013,12,4372,2013-12,,,,,,,,
East Midlands,2013,1,4363,2013-1,,,,,,,,
East Midlands,2013,2,3633,2013-2,,,,,,,,
East Midlands,2013,3,3811,2013-3,,,,,,,,
East Midlands,2013,4,4121,2013-4,,,,,,,,
East Midlands,2013,5,3482,2013-5,,,,,,,,
East Midlands,2013,6,3005,2013-6,,,,,,,,
East Midlands,2013,7,3343,2013-7,,,,,,,,
East Midlands,2013,8,2902,2013-8,,,,,,,,
East Midlands,2013,9,3043,2013-9,,,,,,,,
East Midlands,2013,10,3621,2013-10,,,,,,,,
East Midlands,2013,11,3365,2013-11,,,,,,,,
East Midlands,2013,12,3588,2013-12,,,,,,,,
West Midlands,2013,1,5455,2013-1,,,,,,,,
West Midlands,2013,2,4538,2013-2,,,,,,,,
West Midlands,2013,3,4734,2013-3,,,,,,,,
West Midlands,2013,4,5263,2013-4,,,,,,,,
West Midlands,2013,5,4326,2013-5,,,,,,,,
West Midlands,2013,6,3621,2013-6,,,,,,,,
West Midlands,2013,7,4150,2013-7,,,,,,,,
West Midlands,2013,8,3655,2013-8,,,,,,,,
West Midlands,2013,9,3746,2013-9,,,,,,,,
West Midlands,2013,10,4301,2013-10,,,,,,,,
West Midlands,2013,11,4057,2013-11,,,,,,,,
West Midlands,2013,12,4414,2013-12,,,,,,,,
East,2013,1,5584,2013-1,,,,,,,,
East,2013,2,4581,2013-2,,,,,,,,
East,2013,3,4656,2013-3,,,,,,,,
East,2013,4,5180,2013-4,,,,,,,,
East,2013,5,4474,2013-5,,,,,,,,
East,2013,6,3972,2013-6,,,,,,,,
East,2013,7,4109,2013-7,,,,,,,,
East,2013,8,3684,2013-8,,,,,,,,
East,2013,9,3886,2013-9,,,,,,,,
East,2013,10,4544,2013-10,,,,,,,,
East,2013,11,4172,2013-11,,,,,,,,
East,2013,12,4427,2013-12,,,,,,,,
London,2013,1,4957,2013-1,,,,,,,,
London,2013,2,4239,2013-2,,,,,,,,
London,2013,3,4171,2013-3,,,,,,,,
London,2013,4,4619,2013-4,,,,,,,,
London,2013,5,3954,2013-5,,,,,,,,
London,2013,6,3421,2013-6,,,,,,,,
London,2013,7,3784,2013-7,,,,,,,,
London,2013,8,3275,2013-8,,,,,,,,
London,2013,9,3431,2013-9,,,,,,,,
London,2013,10,4011,2013-10,,,,,,,,
London,2013,11,3758,2013-11,,,,,,,,
London,2013,12,3960,2013-12,,,,,,,,
South East,2013,1,8083,2013-1,,,,,,,,
South East,2013,2,6611,2013-2,,,,,,,,
South East,2013,3,6819,2013-3,,,,,,,,
South East,2013,4,7652,2013-4,,,,,,,,
South East,2013,5,6534,2013-5,,,,,,,,
South East,2013,6,5539,2013-6,,,,,,,,
South East,2013,7,6168,2013-7,,,,,,,,
South East,2013,8,5620,2013-8,,,,,,,,
South East,2013,9,5651,2013-9,,,,,,,,
South East,2013,10,6419,2013-10,,,,,,,,
South East,2013,11,6104,2013-11,,,,,,,,
South East,2013,12,6578,2013-12,,,,,,,,
South West,2013,1,5571,2013-1,,,,,,,,
South West,2013,2,4654,2013-2,,,,,,,,
South West,2013,3,4915,2013-3,,,,,,,,
South West,2013,4,5423,2013-4,,,,,,,,
South West,2013,5,4534,2013-5,,,,,,,,
South West,2013,6,3789,2013-6,,,,,,,,
South West,2013,7,4238,2013-7,,,,,,,,
South West,2013,8,3867,2013-8,,,,,,,,
South West,2013,9,3971,2013-9,,,,,,,,
South West,2013,10,4561,2013-10,,,,,,,,
South West,2013,11,4367,2013-11,,,,,,,,
South West,2013,12,4646,2013-12,,,,,,,,
Wales,2014,1,2987,2014-1,,,,,,,,
Wales,2014,2,2548,2014-2,,,,,,,,
Wales,2014,3,2556,2014-3,,,,,,,,
Wales,2014,4,2690,2014-4,,,,,,,,
Wales,2014,5,2458,2014-5,,,,,,,,
Wales,2014,6,2376,2014-6,,,,,,,,
Wales,2014,7,2628,2014-7,,,,,,,,
Wales,2014,8,2221,2014-8,,,,,,,,
Wales,2014,9,2535,2014-9,,,,,,,,
Wales,2014,10,2851,2014-10,,,,,,,,
Wales,2014,11,2406,2014-11,,,,,,,,
Wales,2014,12,3183,2014-12,,,,,,,,
North East,2014,1,2556,2014-1,,,,,,,,
North East,2014,2,2196,2014-2,,,,,,,,
North East,2014,3,2220,2014-3,,,,,,,,
North East,2014,4,2205,2014-4,,,,,,,,
North East,2014,5,2129,2014-5,,,,,,,,
North East,2014,6,2017,2014-6,,,,,,,,
North East,2014,7,2221,2014-7,,,,,,,,
North East,2014,8,2023,2014-8,,,,,,,,
North East,2014,9,2238,2014-9,,,,,,,,
North East,2014,10,2360,2014-10,,,,,,,,
North East,2014,11,2020,2014-11,,,,,,,,
North East,2014,12,2703,2014-12,,,,,,,,
North West,2014,1,6611,2014-1,,,,,,,,
North West,2014,2,5724,2014-2,,,,,,,,
North West,2014,3,5655,2014-3,,,,,,,,
North West,2014,4,5711,2014-4,,,,,,,,
North West,2014,5,5314,2014-5,,,,,,,,
North West,2014,6,5228,2014-6,,,,,,,,
North West,2014,7,5625,2014-7,,,,,,,,
North West,2014,8,4917,2014-8,,,,,,,,
North West,2014,9,5470,2014-9,,,,,,,,
North West,2014,10,5781,2014-10,,,,,,,,
North West,2014,11,5303,2014-11,,,,,,,,
North West,2014,12,6979,2014-12,,,,,,,,
Yorkshire and the Humber,2014,1,4820,2014-1,,,,,,,,
Yorkshire and the Humber,2014,2,3980,2014-2,,,,,,,,
Yorkshire and the Humber,2014,3,4014,2014-3,,,,,,,,
Yorkshire and the Humber,2014,4,4034,2014-4,,,,,,,,
Yorkshire and the Humber,2014,5,3873,2014-5,,,,,,,,
Yorkshire and the Humber,2014,6,3703,2014-6,,,,,,,,
Yorkshire and the Humber,2014,7,4004,2014-7,,,,,,,,
Yorkshire and the Humber,2014,8,3575,2014-8,,,,,,,,
Yorkshire and the Humber,2014,9,4098,2014-9,,,,,,,,
Yorkshire and the Humber,2014,10,4235,2014-10,,,,,,,,
Yorkshire and the Humber,2014,11,3865,2014-11,,,,,,,,
Yorkshire and the Humber,2014,12,5067,2014-12,,,,,,,,
East Midlands,2014,1,4093,2014-1,,,,,,,,
East Midlands,2014,2,3498,2014-2,,,,,,,,
East Midlands,2014,3,3485,2014-3,,,,,,,,
East Midlands,2014,4,3466,2014-4,,,,,,,,
East Midlands,2014,5,3300,2014-5,,,,,,,,
East Midlands,2014,6,3297,2014-6,,,,,,,,
East Midlands,2014,7,3498,2014-7,,,,,,,,
East Midlands,2014,8,3003,2014-8,,,,,,,,
East Midlands,2014,9,3301,2014-9,,,,,,,,
East Midlands,2014,10,3599,2014-10,,,,,,,,
East Midlands,2014,11,3323,2014-11,,,,,,,,
East Midlands,2014,12,4076,2014-12,,,,,,,,
West Midlands,2014,1,5242,2014-1,,,,,,,,
West Midlands,2014,2,4271,2014-2,,,,,,,,
West Midlands,2014,3,4289,2014-3,,,,,,,,
West Midlands,2014,4,4268,2014-4,,,,,,,,
West Midlands,2014,5,3929,2014-5,,,,,,,,
West Midlands,2014,6,3967,2014-6,,,,,,,,
West Midlands,2014,7,4185,2014-7,,,,,,,,
West Midlands,2014,8,3694,2014-8,,,,,,,,
West Midlands,2014,9,4297,2014-9,,,,,,,,
West Midlands,2014,10,4441,2014-10,,,,,,,,
West Midlands,2014,11,4089,2014-11,,,,,,,,
West Midlands,2014,12,5032,2014-12,,,,,,,,
East,2014,1,5193,2014-1,,,,,,,,
East,2014,2,4441,2014-2,,,,,,,,
East,2014,3,4282,2014-3,,,,,,,,
East,2014,4,4393,2014-4,,,,,,,,
East,2014,5,4110,2014-5,,,,,,,,
East,2014,6,4173,2014-6,,,,,,,,
East,2014,7,4471,2014-7,,,,,,,,
East,2014,8,3768,2014-8,,,,,,,,
East,2014,9,4407,2014-9,,,,,,,,
East,2014,10,4555,2014-10,,,,,,,,
East,2014,11,4293,2014-11,,,,,,,,
East,2014,12,5150,2014-12,,,,,,,,
London,2014,1,4548,2014-1,,,,,,,,
London,2014,2,3839,2014-2,,,,,,,,
London,2014,3,4024,2014-3,,,,,,,,
London,2014,4,3889,2014-4,,,,,,,,
London,2014,5,3846,2014-5,,,,,,,,
London,2014,6,3607,2014-6,,,,,,,,
London,2014,7,3838,2014-7,,,,,,,,
London,2014,8,3408,2014-8,,,,,,,,
London,2014,9,3908,2014-9,,,,,,,,
London,2014,10,4063,2014-10,,,,,,,,
London,2014,11,3736,2014-11,,,,,,,,
London,2014,12,4877,2014-12,,,,,,,,
South East,2014,1,7683,2014-1,,,,,,,,
South East,2014,2,6266,2014-2,,,,,,,,
South East,2014,3,6326,2014-3,,,,,,,,
South East,2014,4,6359,2014-4,,,,,,,,
South East,2014,5,6148,2014-5,,,,,,,,
South East,2014,6,5981,2014-6,,,,,,,,
South East,2014,7,6389,2014-7,,,,,,,,
South East,2014,8,5432,2014-8,,,,,,,,
South East,2014,9,6283,2014-9,,,,,,,,
South East,2014,10,6540,2014-10,,,,,,,,
South East,2014,11,6240,2014-11,,,,,,,,
South East,2014,12,7324,2014-12,,,,,,,,
South West,2014,1,5183,2014-1,,,,,,,,
South West,2014,2,4351,2014-2,,,,,,,,
South West,2014,3,4278,2014-3,,,,,,,,
South West,2014,4,4404,2014-4,,,,,,,,
South West,2014,5,4231,2014-5,,,,,,,,
South West,2014,6,4085,2014-6,,,,,,,,
South West,2014,7,4281,2014-7,,,,,,,,
South West,2014,8,3820,2014-8,,,,,,,,
South West,2014,9,4337,2014-9,,,,,,,,
South West,2014,10,4627,2014-10,,,,,,,,
South West,2014,11,4098,2014-11,,,,,,,,
South West,2014,12,5273,2014-12,,,,,,,,
North East,2015,1,3239,2015-1,,,,,,,,
North East,2015,2,2596,2015-2,,,,,,,,
North East,2015,3,2503,2015-3,,,,,,,,
North East,2015,4,2451,2015-4,,,,,,,,
North East,2015,5,2109,2015-5,,,,,,,,
North East,2015,6,2191,2015-6,,,,,,,,
North East,2015,7,2125,2015-7,,,,,,,,
North East,2015,8,1847,2015-8,,,,,,,,
North East,2015,9,2152,2015-9,,,,,,,,
North East,2015,10,2190,2015-10,,,,,,,,
North East,2015,11,2197,2015-11,,,,,,,,
North East,2015,12,2475,2015-12,,,,,,,,
North West,2015,1,8073,2015-1,,,,,,,,
North West,2015,2,6120,2015-2,,,,,,,,
North West,2015,3,6428,2015-3,,,,,,,,
North West,2015,4,6058,2015-4,,,,,,,,
North West,2015,5,5332,2015-5,,,,,,,,
North West,2015,6,5614,2015-6,,,,,,,,
North West,2015,7,5545,2015-7,,,,,,,,
North West,2015,8,4965,2015-8,,,,,,,,
North West,2015,9,5516,2015-9,,,,,,,,
North West,2015,10,5637,2015-10,,,,,,,,
North West,2015,11,5680,2015-11,,,,,,,,
North West,2015,12,6331,2015-12,,,,,,,,
Yorkshire and the Humber,2015,1,5938,2015-1,,,,,,,,
Yorkshire and the Humber,2015,2,4462,2015-2,,,,,,,,
Yorkshire and the Humber,2015,3,4577,2015-3,,,,,,,,
Yorkshire and the Humber,2015,4,4335,2015-4,,,,,,,,
Yorkshire and the Humber,2015,5,3968,2015-5,,,,,,,,
Yorkshire and the Humber,2015,6,4170,2015-6,,,,,,,,
Yorkshire and the Humber,2015,7,3878,2015-7,,,,,,,,
Yorkshire and the Humber,2015,8,3659,2015-8,,,,,,,,
Yorkshire and the Humber,2015,9,4053,2015-9,,,,,,,,
Yorkshire and the Humber,2015,10,3986,2015-10,,,,,,,,
Yorkshire and the Humber,2015,11,4107,2015-11,,,,,,,,
Yorkshire and the Humber,2015,12,4557,2015-12,,,,,,,,
East Midlands,2015,1,5239,2015-1,,,,,,,,
East Midlands,2015,2,4011,2015-2,,,,,,,,
East Midlands,2015,3,4005,2015-3,,,,,,,,
East Midlands,2015,4,3913,2015-4,,,,,,,,
East Midlands,2015,5,3342,2015-5,,,,,,,,
East Midlands,2015,6,3493,2015-6,,,,,,,,
East Midlands,2015,7,3482,2015-7,,,,,,,,
East Midlands,2015,8,3007,2015-8,,,,,,,,
East Midlands,2015,9,3523,2015-9,,,,,,,,
East Midlands,2015,10,3594,2015-10,,,,,,,,
East Midlands,2015,11,3486,2015-11,,,,,,,,
East Midlands,2015,12,3921,2015-12,,,,,,,,
West Midlands,2015,1,6373,2015-1,,,,,,,,
West Midlands,2015,2,4674,2015-2,,,,,,,,
West Midlands,2015,3,4927,2015-3,,,,,,,,
West Midlands,2015,4,4743,2015-4,,,,,,,,
West Midlands,2015,5,4081,2015-5,,,,,,,,
West Midlands,2015,6,4317,2015-6,,,,,,,,
West Midlands,2015,7,4211,2015-7,,,,,,,,
West Midlands,2015,8,3668,2015-8,,,,,,,,
West Midlands,2015,9,4250,2015-9,,,,,,,,
West Midlands,2015,10,4329,2015-10,,,,,,,,
West Midlands,2015,11,4372,2015-11,,,,,,,,
West Midlands,2015,12,4618,2015-12,,,,,,,,
East,2015,1,6681,2015-1,,,,,,,,
East,2015,2,5209,2015-2,,,,,,,,
East,2015,3,5144,2015-3,,,,,,,,
East,2015,4,4784,2015-4,,,,,,,,
East,2015,5,4055,2015-5,,,,,,,,
East,2015,6,4578,2015-6,,,,,,,,
East,2015,7,4337,2015-7,,,,,,,,
East,2015,8,3856,2015-8,,,,,,,,
East,2015,9,4295,2015-9,,,,,,,,
East,2015,10,4583,2015-10,,,,,,,,
East,2015,11,4350,2015-11,,,,,,,,
East,2015,12,4535,2015-12,,,,,,,,
London,2015,1,5458,2015-1,,,,,,,,
London,2015,2,4371,2015-2,,,,,,,,
London,2015,3,4781,2015-3,,,,,,,,
London,2015,4,4278,2015-4,,,,,,,,
London,2015,5,3662,2015-5,,,,,,,,
London,2015,6,4021,2015-6,,,,,,,,
London,2015,7,3838,2015-7,,,,,,,,
London,2015,8,3499,2015-8,,,,,,,,
London,2015,9,4066,2015-9,,,,,,,,
London,2015,10,4127,2015-10,,,,,,,,
London,2015,11,4046,2015-11,,,,,,,,
London,2015,12,4396,2015-12,,,,,,,,
South East,2015,1,9606,2015-1,,,,,,,,
South East,2015,2,7160,2015-2,,,,,,,,
South East,2015,3,7140,2015-3,,,,,,,,
South East,2015,4,7030,2015-4,,,,,,,,
South East,2015,5,5978,2015-5,,,,,,,,
South East,2015,6,6464,2015-6,,,,,,,,
South East,2015,7,6117,2015-7,,,,,,,,
South East,2015,8,5483,2015-8,,,,,,,,
South East,2015,9,6494,2015-9,,,,,,,,
South East,2015,10,6359,2015-10,,,,,,,,
South East,2015,11,6319,2015-11,,,,,,,,
South East,2015,12,6899,2015-12,,,,,,,,
South West,2015,1,6427,2015-1,,,,,,,,
South West,2015,2,5124,2015-2,,,,,,,,
South West,2015,3,5304,2015-3,,,,,,,,
South West,2015,4,4694,2015-4,,,,,,,,
South West,2015,5,4186,2015-5,,,,,,,,
South West,2015,6,4441,2015-6,,,,,,,,
South West,2015,7,4383,2015-7,,,,,,,,
South West,2015,8,3839,2015-8,,,,,,,,
South West,2015,9,4527,2015-9,,,,,,,,
South West,2015,10,4653,2015-10,,,,,,,,
South West,2015,11,4326,2015-11,,,,,,,,
South West,2015,12,4763,2015-12,,,,,,,,
Wales,2015,1,3745,2015-1,,,,,,,,
Wales,2015,2,2907,2015-2,,,,,,,,
Wales,2015,3,3011,2015-3,,,,,,,,
Wales,2015,4,2791,2015-4,,,,,,,,
Wales,2015,5,2537,2015-5,,,,,,,,
Wales,2015,6,2703,2015-6,,,,,,,,
Wales,2015,7,2484,2015-7,,,,,,,,
Wales,2015,8,2273,2015-8,,,,,,,,
Wales,2015,9,2615,2015-9,,,,,,,,
Wales,2015,10,2667,2015-10,,,,,,,,
Wales,2015,11,2548,2015-11,,,,,,,,
Wales,2015,12,2917,2015-12,,,,,,,,
North East,2016,1,2555,2016-1,,,,,,,,
North East,2016,2,2492,2016-2,,,,,,,,
North East,2016,3,2515,2016-3,,,,,,,,
North East,2016,4,2460,2016-4,,,,,,,,
North East,2016,5,2165,2016-5,,,,,,,,
North East,2016,6,2255,2016-6,,,,,,,,
North East,2016,7,2109,2016-7,,,,,,,,
North East,2016,8,2119,2016-8,,,,,,,,
North East,2016,9,2121,2016-9,,,,,,,,
North East,2016,10,2123,2016-10,,,,,,,,
North East,2016,11,2415,2016-11,,,,,,,,
North East,2016,12,2507,2016-12,,,,,,,,
North West,2016,1,6415,2016-1,,,,,,,,
North West,2016,2,6134,2016-2,,,,,,,,
North West,2016,3,6599,2016-3,,,,,,,,
North West,2016,4,6254,2016-4,,,,,,,,
North West,2016,5,5547,2016-5,,,,,,,,
North West,2016,6,5628,2016-6,,,,,,,,
North West,2016,7,5237,2016-7,,,,,,,,
North West,2016,8,5675,2016-8,,,,,,,,
North West,2016,9,5526,2016-9,,,,,,,,
North West,2016,10,5644,2016-10,,,,,,,,
North West,2016,11,6364,2016-11,,,,,,,,
North West,2016,12,6292,2016-12,,,,,,,,
Yorkshire and the Humber,2016,1,4695,2016-1,,,,,,,,
Yorkshire and the Humber,2016,2,4595,2016-2,,,,,,,,
Yorkshire and the Humber,2016,3,4764,2016-3,,,,,,,,
Yorkshire and the Humber,2016,4,4493,2016-4,,,,,,,,
Yorkshire and the Humber,2016,5,4060,2016-5,,,,,,,,
Yorkshire and the Humber,2016,6,4255,2016-6,,,,,,,,
Yorkshire and the Humber,2016,7,3828,2016-7,,,,,,,,
Yorkshire and the Humber,2016,8,3945,2016-8,,,,,,,,
Yorkshire and the Humber,2016,9,3965,2016-9,,,,,,,,
Yorkshire and the Humber,2016,10,3884,2016-10,,,,,,,,
Yorkshire and the Humber,2016,11,4508,2016-11,,,,,,,,
Yorkshire and the Humber,2016,12,4521,2016-12,,,,,,,,
East Midlands,2016,1,3855,2016-1,,,,,,,,
East Midlands,2016,2,3836,2016-2,,,,,,,,
East Midlands,2016,3,4042,2016-3,,,,,,,,
East Midlands,2016,4,3822,2016-4,,,,,,,,
East Midlands,2016,5,3470,2016-5,,,,,,,,
East Midlands,2016,6,3642,2016-6,,,,,,,,
East Midlands,2016,7,3321,2016-7,,,,,,,,
East Midlands,2016,8,3382,2016-8,,,,,,,,
East Midlands,2016,9,3385,2016-9,,,,,,,,
East Midlands,2016,10,3411,2016-10,,,,,,,,
East Midlands,2016,11,3919,2016-11,,,,,,,,
East Midlands,2016,12,3942,2016-12,,,,,,,,
West Midlands,2016,1,5025,2016-1,,,,,,,,
West Midlands,2016,2,4874,2016-2,,,,,,,,
West Midlands,2016,3,4762,2016-3,,,,,,,,
West Midlands,2016,4,4838,2016-4,,,,,,,,
West Midlands,2016,5,4188,2016-5,,,,,,,,
West Midlands,2016,6,4362,2016-6,,,,,,,,
West Midlands,2016,7,3933,2016-7,,,,,,,,
West Midlands,2016,8,4314,2016-8,,,,,,,,
West Midlands,2016,9,4095,2016-9,,,,,,,,
West Midlands,2016,10,4038,2016-10,,,,,,,,
West Midlands,2016,11,4746,2016-11,,,,,,,,
West Midlands,2016,12,4639,2016-12,,,,,,,,
East,2016,1,5133,2016-1,,,,,,,,
East,2016,2,4806,2016-2,,,,,,,,
East,2016,3,5098,2016-3,,,,,,,,
East,2016,4,4980,2016-4,,,,,,,,
East,2016,5,4607,2016-5,,,,,,,,
East,2016,6,4509,2016-6,,,,,,,,
East,2016,7,4179,2016-7,,,,,,,,
East,2016,8,4461,2016-8,,,,,,,,
East,2016,9,4298,2016-9,,,,,,,,
East,2016,10,4256,2016-10,,,,,,,,
East,2016,11,5060,2016-11,,,,,,,,
East,2016,12,4747,2016-12,,,,,,,,
London,2016,1,4421,2016-1,,,,,,,,
London,2016,2,4336,2016-2,,,,,,,,
London,2016,3,4652,2016-3,,,,,,,,
London,2016,4,4331,2016-4,,,,,,,,
London,2016,5,3797,2016-5,,,,,,,,
London,2016,6,3881,2016-6,,,,,,,,
London,2016,7,3544,2016-7,,,,,,,,
London,2016,8,3681,2016-8,,,,,,,,
London,2016,9,3819,2016-9,,,,,,,,
London,2016,10,3761,2016-10,,,,,,,,
London,2016,11,4210,2016-11,,,,,,,,
London,2016,12,4174,2016-12,,,,,,,,
South East,2016,1,7172,2016-1,,,,,,,,
South East,2016,2,6950,2016-2,,,,,,,,
South East,2016,3,7464,2016-3,,,,,,,,
South East,2016,4,7341,2016-4,,,,,,,,
South East,2016,5,6349,2016-5,,,,,,,,
South East,2016,6,6431,2016-6,,,,,,,,
South East,2016,7,6010,2016-7,,,,,,,,
South East,2016,8,6041,2016-8,,,,,,,,
South East,2016,9,6167,2016-9,,,,,,,,
South East,2016,10,6305,2016-10,,,,,,,,
South East,2016,11,7262,2016-11,,,,,,,,
South East,2016,12,6937,2016-12,,,,,,,,
South West,2016,1,5116,2016-1,,,,,,,,
South West,2016,2,5010,2016-2,,,,,,,,
South West,2016,3,5412,2016-3,,,,,,,,
South West,2016,4,5236,2016-4,,,,,,,,
South West,2016,5,4533,2016-5,,,,,,,,
South West,2016,6,4415,2016-6,,,,,,,,
South West,2016,7,4323,2016-7,,,,,,,,
South West,2016,8,4388,2016-8,,,,,,,,
South West,2016,9,4366,2016-9,,,,,,,,
South West,2016,10,4413,2016-10,,,,,,,,
South West,2016,11,5039,2016-11,,,,,,,,
South West,2016,12,4865,2016-12,,,,,,,,
Wales,2016,1,2964,2016-1,,,,,,,,
Wales,2016,2,2889,2016-2,,,,,,,,
Wales,2016,3,3254,2016-3,,,,,,,,
Wales,2016,4,3000,2016-4,,,,,,,,
Wales,2016,5,2575,2016-5,,,,,,,,
Wales,2016,6,2543,2016-6,,,,,,,,
Wales,2016,7,2398,2016-7,,,,,,,,
Wales,2016,8,2670,2016-8,,,,,,,,
Wales,2016,9,2508,2016-9,,,,,,,,
Wales,2016,10,2525,2016-10,,,,,,,,
Wales,2016,11,2895,2016-11,,,,,,,,
Wales,2016,12,2845,2016-12,,,,,,,,
North East,2017,1,2905,2017-1,,,,,,,,
North East,2017,2,2504,2017-2,,,,,,,,
North East,2017,3,2548,2017-3,,,,,,,,
North East,2017,4,2044,2017-4,,,,,,,,
North East,2017,5,2301,2017-5,,,,,,,,
North East,2017,6,2178,2017-6,,,,,,,,
North East,2017,7,2081,2017-7,,,,,,,,
North East,2017,8,2145,2017-8,,,,,,,,
North East,2017,9,2180,2017-9,,,,,,,,
North East,2017,10,2286,2017-10,,,,,,,,
North East,2017,11,2335,2017-11,,,,,,,,
North East,2017,12,2527,2017-12,,,,,,,,
North West,2017,1,7622,2017-1,,,,,,,,
North West,2017,2,6229,2017-2,,,,,,,,
North West,2017,3,6432,2017-3,,,,,,,,
North West,2017,4,5462,2017-4,,,,,,,,
North West,2017,5,5949,2017-5,,,,,,,,
North West,2017,6,5646,2017-6,,,,,,,,
North West,2017,7,5090,2017-7,,,,,,,,
North West,2017,8,5566,2017-8,,,,,,,,
North West,2017,9,5361,2017-9,,,,,,,,
North West,2017,10,5942,2017-10,,,,,,,,
North West,2017,11,6113,2017-11,,,,,,,,
North West,2017,12,6245,2017-12,,,,,,,,
Yorkshire and the Humber,2017,1,5715,2017-1,,,,,,,,
Yorkshire and the Humber,2017,2,4743,2017-2,,,,,,,,
Yorkshire and the Humber,2017,3,4999,2017-3,,,,,,,,
Yorkshire and the Humber,2017,4,3798,2017-4,,,,,,,,
Yorkshire and the Humber,2017,5,4317,2017-5,,,,,,,,
Yorkshire and the Humber,2017,6,4074,2017-6,,,,,,,,
Yorkshire and the Humber,2017,7,3774,2017-7,,,,,,,,
Yorkshire and the Humber,2017,8,3934,2017-8,,,,,,,,
Yorkshire and the Humber,2017,9,3866,2017-9,,,,,,,,
Yorkshire and the Humber,2017,10,4272,2017-10,,,,,,,,
Yorkshire and the Humber,2017,11,4614,2017-11,,,,,,,,
Yorkshire and the Humber,2017,12,4301,2017-12,,,,,,,,
East Midlands,2017,1,4907,2017-1,,,,,,,,
East Midlands,2017,2,3973,2017-2,,,,,,,,
East Midlands,2017,3,4381,2017-3,,,,,,,,
East Midlands,2017,4,3251,2017-4,,,,,,,,
East Midlands,2017,5,3770,2017-5,,,,,,,,
East Midlands,2017,6,3659,2017-6,,,,,,,,
East Midlands,2017,7,3369,2017-7,,,,,,,,
East Midlands,2017,8,3443,2017-8,,,,,,,,
East Midlands,2017,9,3324,2017-9,,,,,,,,
East Midlands,2017,10,3540,2017-10,,,,,,,,
East Midlands,2017,11,3876,2017-11,,,,,,,,
East Midlands,2017,12,3869,2017-12,,,,,,,,
West Midlands,2017,1,5975,2017-1,,,,,,,,
West Midlands,2017,2,4938,2017-2,,,,,,,,
West Midlands,2017,3,5066,2017-3,,,,,,,,
West Midlands,2017,4,4027,2017-4,,,,,,,,
West Midlands,2017,5,4557,2017-5,,,,,,,,
West Midlands,2017,6,4481,2017-6,,,,,,,,
West Midlands,2017,7,4033,2017-7,,,,,,,,
West Midlands,2017,8,4159,2017-8,,,,,,,,
West Midlands,2017,9,4179,2017-9,,,,,,,,
West Midlands,2017,10,4483,2017-10,,,,,,,,
West Midlands,2017,11,4741,2017-11,,,,,,,,
West Midlands,2017,12,4587,2017-12,,,,,,,,
East,2017,1,6203,2017-1,,,,,,,,
East,2017,2,5365,2017-2,,,,,,,,
East,2017,3,5396,2017-3,,,,,,,,
East,2017,4,4138,2017-4,,,,,,,,
East,2017,5,4750,2017-5,,,,,,,,
East,2017,6,4449,2017-6,,,,,,,,
East,2017,7,4126,2017-7,,,,,,,,
East,2017,8,4422,2017-8,,,,,,,,
East,2017,9,4445,2017-9,,,,,,,,
East,2017,10,4701,2017-10,,,,,,,,
East,2017,11,4979,2017-11,,,,,,,,
East,2017,12,4788,2017-12,,,,,,,,
London,2017,1,5470,2017-1,,,,,,,,
London,2017,2,4489,2017-2,,,,,,,,
London,2017,3,4232,2017-3,,,,,,,,
London,2017,4,3672,2017-4,,,,,,,,
London,2017,5,4049,2017-5,,,,,,,,
London,2017,6,3880,2017-6,,,,,,,,
London,2017,7,3482,2017-7,,,,,,,,
London,2017,8,3919,2017-8,,,,,,,,
London,2017,9,3673,2017-9,,,,,,,,
London,2017,10,4113,2017-10,,,,,,,,
London,2017,11,4224,2017-11,,,,,,,,
London,2017,12,4209,2017-12,,,,,,,,
South East,2017,1,9045,2017-1,,,,,,,,
South East,2017,2,7409,2017-2,,,,,,,,
South East,2017,3,7406,2017-3,,,,,,,,
South East,2017,4,5938,2017-4,,,,,,,,
South East,2017,5,6825,2017-5,,,,,,,,
South East,2017,6,6430,2017-6,,,,,,,,
South East,2017,7,5836,2017-7,,,,,,,,
South East,2017,8,6298,2017-8,,,,,,,,
South East,2017,9,6128,2017-9,,,,,,,,
South East,2017,10,6737,2017-10,,,,,,,,
South East,2017,11,6866,2017-11,,,,,,,,
South East,2017,12,6997,2017-12,,,,,,,,
South West,2017,1,5833,2017-1,,,,,,,,
South West,2017,2,5165,2017-2,,,,,,,,
South West,2017,3,5134,2017-3,,,,,,,,
South West,2017,4,4092,2017-4,,,,,,,,
South West,2017,5,4865,2017-5,,,,,,,,
South West,2017,6,4650,2017-6,,,,,,,,
South West,2017,7,4149,2017-7,,,,,,,,
South West,2017,8,4455,2017-8,,,,,,,,
South West,2017,9,4379,2017-9,,,,,,,,
South West,2017,10,4671,2017-10,,,,,,,,
South West,2017,11,4942,2017-11,,,,,,,,
South West,2017,12,4772,2017-12,,,,,,,,
Wales,2017,1,3591,2017-1,,,,,,,,
Wales,2017,2,2880,2017-2,,,,,,,,
Wales,2017,3,2983,2017-3,,,,,,,,
Wales,2017,4,2602,2017-4,,,,,,,,
Wales,2017,5,2800,2017-5,,,,,,,,
Wales,2017,6,2627,2017-6,,,,,,,,
Wales,2017,7,2374,2017-7,,,,,,,,
Wales,2017,8,2622,2017-8,,,,,,,,
Wales,2017,9,2467,2017-9,,,,,,,,
Wales,2017,10,2759,2017-10,,,,,,,,
Wales,2017,11,2786,2017-11,,,,,,,,
Wales,2017,12,2757,2017-12,,,,,,,,
North East,2018,1,3502,2018-1,,,,,,,,
North East,2018,2,2578,2018-2,,,,,,,,
North East,2018,3,2586,2018-3,,,,,,,,
North East,2018,4,2355,2018-4,,,,,,,,
North East,2018,5,2276,2018-5,,,,,,,,
North East,2018,6,2086,2018-6,,,,,,,,
North East,2018,7,2125,2018-7,,,,,,,,
North East,2018,8,2057,2018-8,,,,,,,,
North East,2018,9,1961,2018-9,,,,,,,,
North East,2018,10,2365,2018-10,,,,,,,,
North East,2018,11,2221,2018-11,,,,,,,,
North East,2018,12,2319,2018-12,,,,,,,,
North West,2018,1,8624,2018-1,,,,,,,,
North West,2018,2,6555,2018-2,,,,,,,,
North West,2018,3,6817,2018-3,,,,,,,,
North West,2018,4,6195,2018-4,,,,,,,,
North West,2018,5,5745,2018-5,,,,,,,,
North West,2018,6,5190,2018-6,,,,,,,,
North West,2018,7,5494,2018-7,,,,,,,,
North West,2018,8,5301,2018-8,,,,,,,,
North West,2018,9,4873,2018-9,,,,,,,,
North West,2018,10,5892,2018-10,,,,,,,,
North West,2018,11,6013,2018-11,,,,,,,,
North West,2018,12,5579,2018-12,,,,,,,,
Yorkshire and the Humber,2018,1,6338,2018-1,,,,,,,,
Yorkshire and the Humber,2018,2,4827,2018-2,,,,,,,,
Yorkshire and the Humber,2018,3,4909,2018-3,,,,,,,,
Yorkshire and the Humber,2018,4,4510,2018-4,,,,,,,,
Yorkshire and the Humber,2018,5,4009,2018-5,,,,,,,,
Yorkshire and the Humber,2018,6,3946,2018-6,,,,,,,,
Yorkshire and the Humber,2018,7,4007,2018-7,,,,,,,,
Yorkshire and the Humber,2018,8,3939,2018-8,,,,,,,,
Yorkshire and the Humber,2018,9,3645,2018-9,,,,,,,,
Yorkshire and the Humber,2018,10,4419,2018-10,,,,,,,,
Yorkshire and the Humber,2018,11,4345,2018-11,,,,,,,,
Yorkshire and the Humber,2018,12,4184,2018-12,,,,,,,,
East Midlands,2018,1,5400,2018-1,,,,,,,,
East Midlands,2018,2,4191,2018-2,,,,,,,,
East Midlands,2018,3,4412,2018-3,,,,,,,,
East Midlands,2018,4,4016,2018-4,,,,,,,,
East Midlands,2018,5,3764,2018-5,,,,,,,,
East Midlands,2018,6,3446,2018-6,,,,,,,,
East Midlands,2018,7,3388,2018-7,,,,,,,,
East Midlands,2018,8,3425,2018-8,,,,,,,,
East Midlands,2018,9,3170,2018-9,,,,,,,,
East Midlands,2018,10,3811,2018-10,,,,,,,,
East Midlands,2018,11,3691,2018-11,,,,,,,,
East Midlands,2018,12,3521,2018-12,,,,,,,,
West Midlands,2018,1,6611,2018-1,,,,,,,,
West Midlands,2018,2,5299,2018-2,,,,,,,,
West Midlands,2018,3,5498,2018-3,,,,,,,,
West Midlands,2018,4,4633,2018-4,,,,,,,,
West Midlands,2018,5,4471,2018-5,,,,,,,,
West Midlands,2018,6,4170,2018-6,,,,,,,,
West Midlands,2018,7,4218,2018-7,,,,,,,,
West Midlands,2018,8,4178,2018-8,,,,,,,,
West Midlands,2018,9,3878,2018-9,,,,,,,,
West Midlands,2018,10,4612,2018-10,,,,,,,,
West Midlands,2018,11,4539,2018-11,,,,,,,,
West Midlands,2018,12,4196,2018-12,,,,,,,,
East,2018,1,7110,2018-1,,,,,,,,
East,2018,2,5256,2018-2,,,,,,,,
East,2018,3,5470,2018-3,,,,,,,,
East,2018,4,5281,2018-4,,,,,,,,
East,2018,5,4664,2018-5,,,,,,,,
East,2018,6,4351,2018-6,,,,,,,,
East,2018,7,4352,2018-7,,,,,,,,
East,2018,8,4445,2018-8,,,,,,,,
East,2018,9,3942,2018-9,,,,,,,,
East,2018,10,4772,2018-10,,,,,,,,
East,2018,11,4738,2018-11,,,,,,,,
East,2018,12,4307,2018-12,,,,,,,,
London,2018,1,5704,2018-1,,,,,,,,
London,2018,2,4558,2018-2,,,,,,,,
London,2018,3,4686,2018-3,,,,,,,,
London,2018,4,4329,2018-4,,,,,,,,
London,2018,5,4018,2018-5,,,,,,,,
London,2018,6,3664,2018-6,,,,,,,,
London,2018,7,4007,2018-7,,,,,,,,
London,2018,8,3857,2018-8,,,,,,,,
London,2018,9,3477,2018-9,,,,,,,,
London,2018,10,4163,2018-10,,,,,,,,
London,2018,11,4042,2018-11,,,,,,,,
London,2018,12,3891,2018-12,,,,,,,,
South East,2018,1,10007,2018-1,,,,,,,,
South East,2018,2,7325,2018-2,,,,,,,,
South East,2018,3,7796,2018-3,,,,,,,,
South East,2018,4,7144,2018-4,,,,,,,,
South East,2018,5,6505,2018-5,,,,,,,,
South East,2018,6,6019,2018-6,,,,,,,,
South East,2018,7,6158,2018-7,,,,,,,,
South East,2018,8,6191,2018-8,,,,,,,,
South East,2018,9,5787,2018-9,,,,,,,,
South East,2018,10,6704,2018-10,,,,,,,,
South East,2018,11,6691,2018-11,,,,,,,,
South East,2018,12,6296,2018-12,,,,,,,,
South West,2018,1,6779,2018-1,,,,,,,,
South West,2018,2,5329,2018-2,,,,,,,,
South West,2018,3,5552,2018-3,,,,,,,,
South West,2018,4,5015,2018-4,,,,,,,,
South West,2018,5,4499,2018-5,,,,,,,,
South West,2018,6,4341,2018-6,,,,,,,,
South West,2018,7,4310,2018-7,,,,,,,,
South West,2018,8,4217,2018-8,,,,,,,,
South West,2018,9,3949,2018-9,,,,,,,,
South West,2018,10,4728,2018-10,,,,,,,,
South West,2018,11,4691,2018-11,,,,,,,,
South West,2018,12,4417,2018-12,,,,,,,,
Wales,2018,1,3945,2018-1,,,,,,,,
Wales,2018,2,3169,2018-2,,,,,,,,
Wales,2018,3,3405,2018-3,,,,,,,,
Wales,2018,4,2905,2018-4,,,,,,,,
Wales,2018,5,2734,2018-5,,,,,,,,
Wales,2018,6,2466,2018-6,,,,,,,,
Wales,2018,7,2562,2018-7,,,,,,,,
Wales,2018,8,2461,2018-8,,,,,,,,
Wales,2018,9,2331,2018-9,,,,,,,,
Wales,2018,10,2845,2018-10,,,,,,,,
Wales,2018,11,2863,2018-11,,,,,,,,
Wales,2018,12,2720,2018-12,,,,,,,,
North East,2019,1,2848,2019-1,,,,,,,,
North East,2019,2,2365,2019-2,,,,,,,,
North East,2019,3,2302,2019-3,,,,,,,,
North East,2019,4,2260,2019-4,,,,,,,,
North East,2019,5,2319,2019-5,,,,,,,,
North East,2019,6,2018,2019-6,,,,,,,,
North East,2019,7,2216,2019-7,,,,,,,,
North East,2019,8,2225,2019-8,,,,,,,,
North East,2019,9,2086,2019-9,,,,,,,,
North East,2019,10,2454,2019-10,,,,,,,,
North East,2019,11,2413,2019-11,,,,,,,,
North East,2019,12,2531,2019-12,,,,,,,,
North West,2019,1,7127,2019-1,,,,,,,,
North West,2019,2,6160,2019-2,,,,,,,,
North West,2019,3,5830,2019-3,,,,,,,,
North West,2019,4,5838,2019-4,,,,,,,,
North West,2019,5,6048,2019-5,,,,,,,,
North West,2019,6,5265,2019-6,,,,,,,,
North West,2019,7,5880,2019-7,,,,,,,,
North West,2019,8,5157,2019-8,,,,,,,,
North West,2019,9,5388,2019-9,,,,,,,,
North West,2019,10,6381,2019-10,,,,,,,,
North West,2019,11,6009,2019-11,,,,,,,,
North West,2019,12,6933,2019-12,,,,,,,,
Yorkshire and the Humber,2019,1,5441,2019-1,,,,,,,,
Yorkshire and the Humber,2019,2,4564,2019-2,,,,,,,,
Yorkshire and the Humber,2019,3,4392,2019-3,,,,,,,,
Yorkshire and the Humber,2019,4,4350,2019-4,,,,,,,,
Yorkshire and the Humber,2019,5,4378,2019-5,,,,,,,,
Yorkshire and the Humber,2019,6,3836,2019-6,,,,,,,,
Yorkshire and the Humber,2019,7,4134,2019-7,,,,,,,,
Yorkshire and the Humber,2019,8,3852,2019-8,,,,,,,,
Yorkshire and the Humber,2019,9,3909,2019-9,,,,,,,,
Yorkshire and the Humber,2019,10,4598,2019-10,,,,,,,,
Yorkshire and the Humber,2019,11,4511,2019-11,,,,,,,,
Yorkshire and the Humber,2019,12,4581,2019-12,,,,,,,,
East Midlands,2019,1,4589,2019-1,,,,,,,,
East Midlands,2019,2,3892,2019-2,,,,,,,,
East Midlands,2019,3,3800,2019-3,,,,,,,,
East Midlands,2019,4,3761,2019-4,,,,,,,,
East Midlands,2019,5,3813,2019-5,,,,,,,,
East Midlands,2019,6,3254,2019-6,,,,,,,,
East Midlands,2019,7,3575,2019-7,,,,,,,,
East Midlands,2019,8,3252,2019-8,,,,,,,,
East Midlands,2019,9,3471,2019-9,,,,,,,,
East Midlands,2019,10,3961,2019-10,,,,,,,,
East Midlands,2019,11,3840,2019-11,,,,,,,,
East Midlands,2019,12,4221,2019-12,,,,,,,,
West Midlands,2019,1,5502,2019-1,,,,,,,,
West Midlands,2019,2,4779,2019-2,,,,,,,,
West Midlands,2019,3,4467,2019-3,,,,,,,,
West Midlands,2019,4,4529,2019-4,,,,,,,,
West Midlands,2019,5,4568,2019-5,,,,,,,,
West Midlands,2019,6,3989,2019-6,,,,,,,,
West Midlands,2019,7,4319,2019-7,,,,,,,,
West Midlands,2019,8,4012,2019-8,,,,,,,,
West Midlands,2019,9,4125,2019-9,,,,,,,,
West Midlands,2019,10,4725,2019-10,,,,,,,,
West Midlands,2019,11,4720,2019-11,,,,,,,,
West Midlands,2019,12,4866,2019-12,,,,,,,,
East,2019,1,5867,2019-1,,,,,,,,
East,2019,2,5078,2019-2,,,,,,,,
East,2019,3,4735,2019-3,,,,,,,,
East,2019,4,5010,2019-4,,,,,,,,
East,2019,5,4637,2019-5,,,,,,,,
East,2019,6,4032,2019-6,,,,,,,,
East,2019,7,4635,2019-7,,,,,,,,
East,2019,8,4111,2019-8,,,,,,,,
East,2019,9,4459,2019-9,,,,,,,,
East,2019,10,4988,2019-10,,,,,,,,
East,2019,11,4754,2019-11,,,,,,,,
East,2019,12,4893,2019-12,,,,,,,,
London,2019,1,4900,2019-1,,,,,,,,
London,2019,2,4183,2019-2,,,,,,,,
London,2019,3,4049,2019-3,,,,,,,,
London,2019,4,4102,2019-4,,,,,,,,
London,2019,5,4007,2019-5,,,,,,,,
London,2019,6,3618,2019-6,,,,,,,,
London,2019,7,3953,2019-7,,,,,,,,
London,2019,8,3720,2019-8,,,,,,,,
London,2019,9,3793,2019-9,,,,,,,,
London,2019,10,4135,2019-10,,,,,,,,
London,2019,11,4251,2019-11,,,,,,,,
London,2019,12,4296,2019-12,,,,,,,,
South East,2019,1,8351,2019-1,,,,,,,,
South East,2019,2,7010,2019-2,,,,,,,,
South East,2019,3,6828,2019-3,,,,,,,,
South East,2019,4,6764,2019-4,,,,,,,,
South East,2019,5,6965,2019-5,,,,,,,,
South East,2019,6,5963,2019-6,,,,,,,,
South East,2019,7,6386,2019-7,,,,,,,,
South East,2019,8,5862,2019-8,,,,,,,,
South East,2019,9,6000,2019-9,,,,,,,,
South East,2019,10,7118,2019-10,,,,,,,,
South East,2019,11,6968,2019-11,,,,,,,,
South East,2019,12,7019,2019-12,,,,,,,,
South West,2019,1,5760,2019-1,,,,,,,,
South West,2019,2,4816,2019-2,,,,,,,,
South West,2019,3,4714,2019-3,,,,,,,,
South West,2019,4,4553,2019-4,,,,,,,,
South West,2019,5,4769,2019-5,,,,,,,,
South West,2019,6,4205,2019-6,,,,,,,,
South West,2019,7,4516,2019-7,,,,,,,,
South West,2019,8,4080,2019-8,,,,,,,,
South West,2019,9,4231,2019-9,,,,,,,,
South West,2019,10,4897,2019-10,,,,,,,,
South West,2019,11,4814,2019-11,,,,,,,,
South West,2019,12,4946,2019-12,,,,,,,,
Wales,2019,1,3389,2019-1,,,,,,,,
Wales,2019,2,2848,2019-2,,,,,,,,
Wales,2019,3,2700,2019-3,,,,,,,,
Wales,2019,4,2838,2019-4,,,,,,,,
Wales,2019,5,2788,2019-5,,,,,,,,
Wales,2019,6,2331,2019-6,,,,,,,,
Wales,2019,7,2578,2019-7,,,,,,,,
Wales,2019,8,2450,2019-8,,,,,,,,
Wales,2019,9,2453,2019-9,,,,,,,,
Wales,2019,10,2874,2019-10,,,,,,,,
Wales,2019,11,2844,2019-11,,,,,,,,
Wales,2019,12,3090,2019-12,,,,,,,,
North East,2020,1,2892,2020-1,,,,,,,,
North East,2020,2,2250,2020-2,,,,,,,,
North East,2020,3,2497,2020-3,,,,,,,,
North East,2020,4,4352,2020-4,,,,,,,,
North East,2020,5,3052,2020-5,,,,,,,,
North East,2020,6,2248,2020-6,,,,,,,,
North West,2020,1,7513,2020-1,,,,,,,,
North West,2020,2,5916,2020-2,,,,,,,,
North West,2020,3,6741,2020-3,,,,,,,,
North West,2020,4,12354,2020-4,,,,,,,,
North West,2020,5,7152,2020-5,,,,,,,,
North West,2020,6,5894,2020-6,,,,,,,,
Yorkshire and the Humber,2020,1,5614,2020-1,,,,,,,,
Yorkshire and the Humber,2020,2,4308,2020-2,,,,,,,,
Yorkshire and the Humber,2020,3,4676,2020-3,,,,,,,,
Yorkshire and the Humber,2020,4,7987,2020-4,,,,,,,,
Yorkshire and the Humber,2020,5,5535,2020-5,,,,,,,,
Yorkshire and the Humber,2020,6,4291,2020-6,,,,,,,,
East Midlands,2020,1,4862,2020-1,,,,,,,,
East Midlands,2020,2,3758,2020-2,,,,,,,,
East Midlands,2020,3,4146,2020-3,,,,,,,,
East Midlands,2020,4,6769,2020-4,,,,,,,,
East Midlands,2020,5,4529,2020-5,,,,,,,,
East Midlands,2020,6,3868,2020-6,,,,,,,,
West Midlands,2020,1,6033,2020-1,,,,,,,,
West Midlands,2020,2,4504,2020-2,,,,,,,,
West Midlands,2020,3,5151,2020-3,,,,,,,,
West Midlands,2020,4,9932,2020-4,,,,,,,,
West Midlands,2020,5,5459,2020-5,,,,,,,,
West Midlands,2020,6,4563,2020-6,,,,,,,,
East,2020,1,6308,2020-1,,,,,,,,
East,2020,2,4721,2020-2,,,,,,,,
East,2020,3,5181,2020-3,,,,,,,,
East,2020,4,9516,2020-4,,,,,,,,
East,2020,5,5709,2020-5,,,,,,,,
East,2020,6,4301,2020-6,,,,,,,,
London,2020,1,4990,2020-1,,,,,,,,
London,2020,2,4080,2020-2,,,,,,,,
London,2020,3,5145,2020-3,,,,,,,,
London,2020,4,12175,2020-4,,,,,,,,
London,2020,5,4798,2020-5,,,,,,,,
London,2020,6,3787,2020-6,,,,,,,,
South East,2020,1,8777,2020-1,,,,,,,,
South East,2020,2,6683,2020-2,,,,,,,,
South East,2020,3,7844,2020-3,,,,,,,,
South East,2020,4,12823,2020-4,,,,,,,,
South East,2020,5,8049,2020-5,,,,,,,,
South East,2020,6,6432,2020-6,,,,,,,,
South West,2020,1,6056,2020-1,,,,,,,,
South West,2020,2,4586,2020-2,,,,,,,,
South West,2020,3,5127,2020-3,,,,,,,,
South West,2020,4,7596,2020-4,,,,,,,,
South West,2020,5,5130,2020-5,,,,,,,,
South West,2020,6,4501,2020-6,,,,,,,,
Wales,2020,1,3552,2020-1,,,,,,,,
Wales,2020,2,2749,2020-2,,,,,,,,
Wales,2020,3,3133,2020-3,,,,,,,,
Wales,2020,4,4545,2020-4,,,,,,,,
Wales,2020,5,2902,2020-5,,,,,,,,
Wales,2020,6,2692,2020-6,,,,,,,,
Scotland,2006,1,5402,2006-1,,,,,,,,
Scotland,2006,2,4381,2006-2,,,,,,,,
Scotland,2006,3,5093,2006-3,,,,,,,,
Scotland,2006,4,4590,2006-4,,,,,,,,
Scotland,2006,5,4985,2006-5,,,,,,,,
Scotland,2006,6,4365,2006-6,,,,,,,,
Scotland,2006,7,4187,2006-7,,,,,,,,
Scotland,2006,8,4315,2006-8,,,,,,,,
Scotland,2006,9,4169,2006-9,,,,,,,,
Scotland,2006,10,4596,2006-10,,,,,,,,
Scotland,2006,11,4446,2006-11,,,,,,,,
Scotland,2006,12,4564,2006-12,,,,,,,,
Scotland,2007,1,6447,2007-1,,,,,,,,
Scotland,2007,2,4619,2007-2,,,,,,,,
Scotland,2007,3,4754,2007-3,,,,,,,,
Scotland,2007,4,4588,2007-4,,,,,,,,
Scotland,2007,5,4584,2007-5,,,,,,,,
Scotland,2007,6,4228,2007-6,,,,,,,,
Scotland,2007,7,4339,2007-7,,,,,,,,
Scotland,2007,8,4343,2007-8,,,,,,,,
Scotland,2007,9,3932,2007-9,,,,,,,,
Scotland,2007,10,4732,2007-10,,,,,,,,
Scotland,2007,11,4593,2007-11,,,,,,,,
Scotland,2007,12,4827,2007-12,,,,,,,,
Scotland,2008,1,5538,2008-1,,,,,,,,
Scotland,2008,2,4682,2008-2,,,,,,,,
Scotland,2008,3,4853,2008-3,,,,,,,,
Scotland,2008,4,4922,2008-4,,,,,,,,
Scotland,2008,5,4333,2008-5,,,,,,,,
Scotland,2008,6,4238,2008-6,,,,,,,,
Scotland,2008,7,4357,2008-7,,,,,,,,
Scotland,2008,8,3969,2008-8,,,,,,,,
Scotland,2008,9,4300,2008-9,,,,,,,,
Scotland,2008,10,4598,2008-10,,,,,,,,
Scotland,2008,11,4208,2008-11,,,,,,,,
Scotland,2008,12,5702,2008-12,,,,,,,,
Scotland,2009,1,5610,2009-1,,,,,,,,
Scotland,2009,2,4499,2009-2,,,,,,,,
Scotland,2009,3,4721,2009-3,,,,,,,,
Scotland,2009,4,4480,2009-4,,,,,,,,
Scotland,2009,5,4037,2009-5,,,,,,,,
Scotland,2009,6,4253,2009-6,,,,,,,,
Scotland,2009,7,4199,2009-7,,,,,,,,
Scotland,2009,8,4009,2009-8,,,,,,,,
Scotland,2009,9,4219,2009-9,,,,,,,,
Scotland,2009,10,4352,2009-10,,,,,,,,
Scotland,2009,11,4479,2009-11,,,,,,,,
Scotland,2009,12,4998,2009-12,,,,,,,,
Scotland,2010,1,5239,2010-1,,,,,,,,
Scotland,2010,2,4481,2010-2,,,,,,,,
Scotland,2010,3,4970,2010-3,,,,,,,,
Scotland,2010,4,4431,2010-4,,,,,,,,
Scotland,2010,5,3992,2010-5,,,,,,,,
Scotland,2010,6,4389,2010-6,,,,,,,,
Scotland,2010,7,3977,2010-7,,,,,,,,
Scotland,2010,8,4284,2010-8,,,,,,,,
Scotland,2010,9,4245,2010-9,,,,,,,,
Scotland,2010,10,4208,2010-10,,,,,,,,
Scotland,2010,11,4660,2010-11,,,,,,,,
Scotland,2010,12,5091,2010-12,,,,,,,,
Scotland,2011,1,5460,2011-1,,,,,,,,
Scotland,2011,2,4280,2011-2,,,,,,,,
Scotland,2011,3,4795,2011-3,,,,,,,,
Scotland,2011,4,4032,2011-4,,,,,,,,
Scotland,2011,5,4617,2011-5,,,,,,,,
Scotland,2011,6,4322,2011-6,,,,,,,,
Scotland,2011,7,3987,2011-7,,,,,,,,
Scotland,2011,8,4395,2011-8,,,,,,,,
Scotland,2011,9,4236,2011-9,,,,,,,,
Scotland,2011,10,4415,2011-10,,,,,,,,
Scotland,2011,11,4223,2011-11,,,,,,,,
Scotland,2011,12,4899,2011-12,,,,,,,,
Scotland,2012,1,5228,2012-1,,,,,,,,
Scotland,2012,2,4518,2012-2,,,,,,,,
Scotland,2012,3,4474,2012-3,,,,,,,,
Scotland,2012,4,4592,2012-4,,,,,,,,
Scotland,2012,5,4932,2012-5,,,,,,,,
Scotland,2012,6,4176,2012-6,,,,,,,,
Scotland,2012,7,4427,2012-7,,,,,,,,
Scotland,2012,8,4334,2012-8,,,,,,,,
Scotland,2012,9,4000,2012-9,,,,,,,,
Scotland,2012,10,4907,2012-10,,,,,,,,
Scotland,2012,11,4532,2012-11,,,,,,,,
Scotland,2012,12,4817,2012-12,,,,,,,,
Scotland,2013,1,5844,2013-1,,,,,,,,
Scotland,2013,2,4652,2013-2,,,,,,,,
Scotland,2013,3,4595,2013-3,,,,,,,,
Scotland,2013,4,5255,2013-4,,,,,,,,
Scotland,2013,5,4574,2013-5,,,,,,,,
Scotland,2013,6,3906,2013-6,,,,,,,,
Scotland,2013,7,4310,2013-7,,,,,,,,
Scotland,2013,8,3940,2013-8,,,,,,,,
Scotland,2013,9,3974,2013-9,,,,,,,,
Scotland,2013,10,4639,2013-10,,,,,,,,
Scotland,2013,11,4295,2013-11,,,,,,,,
Scotland,2013,12,4716,2013-12,,,,,,,,
Scotland,2014,1,5156,2014-1,,,,,,,,
Scotland,2014,2,4319,2014-2,,,,,,,,
Scotland,2014,3,4484,2014-3,,,,,,,,
Scotland,2014,4,4449,2014-4,,,,,,,,
Scotland,2014,5,4287,2014-5,,,,,,,,
Scotland,2014,6,4110,2014-6,,,,,,,,
Scotland,2014,7,4451,2014-7,,,,,,,,
Scotland,2014,8,4140,2014-8,,,,,,,,
Scotland,2014,9,4347,2014-9,,,,,,,,
Scotland,2014,10,4749,2014-10,,,,,,,,
Scotland,2014,11,4257,2014-11,,,,,,,,
Scotland,2014,12,5490,2014-12,,,,,,,,
Scotland,2015,1,5919,2015-1,,,,,,,,
Scotland,2015,2,5331,2015-2,,,,,,,,
Scotland,2015,3,5273,2015-3,,,,,,,,
Scotland,2015,4,4791,2015-4,,,,,,,,
Scotland,2015,5,4409,2015-5,,,,,,,,
Scotland,2015,6,4703,2015-6,,,,,,,,
Scotland,2015,7,4507,2015-7,,,,,,,,
Scotland,2015,8,4208,2015-8,,,,,,,,
Scotland,2015,9,4372,2015-9,,,,,,,,
Scotland,2015,10,4475,2015-10,,,,,,,,
Scotland,2015,11,4570,2015-11,,,,,,,,
Scotland,2015,12,5021,2015-12,,,,,,,,
Scotland,2016,1,5111,2016-1,,,,,,,,
Scotland,2016,2,5157,2016-2,,,,,,,,
Scotland,2016,3,5220,2016-3,,,,,,,,
Scotland,2016,4,4588,2016-4,,,,,,,,
Scotland,2016,5,4476,2016-5,,,,,,,,
Scotland,2016,6,4402,2016-6,,,,,,,,
Scotland,2016,7,4220,2016-7,,,,,,,,
Scotland,2016,8,4683,2016-8,,,,,,,,
Scotland,2016,9,4299,2016-9,,,,,,,,
Scotland,2016,10,4469,2016-10,,,,,,,,
Scotland,2016,11,4884,2016-11,,,,,,,,
Scotland,2016,12,5219,2016-12,,,,,,,,
Scotland,2017,1,5643,2017-1,,,,,,,,
Scotland,2017,2,4904,2017-2,,,,,,,,
Scotland,2017,3,5164,2017-3,,,,,,,,
Scotland,2017,4,4297,2017-4,,,,,,,,
Scotland,2017,5,5002,2017-5,,,,,,,,
Scotland,2017,6,4490,2017-6,,,,,,,,
Scotland,2017,7,4307,2017-7,,,,,,,,
Scotland,2017,8,4637,2017-8,,,,,,,,
Scotland,2017,9,4241,2017-9,,,,,,,,
Scotland,2017,10,4801,2017-10,,,,,,,,
Scotland,2017,11,5015,2017-11,,,,,,,,
Scotland,2017,12,5382,2017-12,,,,,,,,
Scotland,2018,1,7552,2018-1,,,,,,,,
Scotland,2018,2,5049,2018-2,,,,,,,,
Scotland,2018,3,5170,2018-3,,,,,,,,
Scotland,2018,4,4793,2018-4,,,,,,,,
Scotland,2018,5,4667,2018-5,,,,,,,,
Scotland,2018,6,4161,2018-6,,,,,,,,
Scotland,2018,7,4365,2018-7,,,,,,,,
Scotland,2018,8,4307,2018-8,,,,,,,,
Scotland,2018,9,3954,2018-9,,,,,,,,
Scotland,2018,10,4888,2018-10,,,,,,,,
Scotland,2018,11,4715,2018-11,,,,,,,,
Scotland,2018,12,4882,2018-12,,,,,,,,
Scotland,2019,1,5834,2019-1,,,,,,,,
Scotland,2019,2,4835,2019-2,,,,,,,,
Scotland,2019,3,4637,2019-3,,,,,,,,
Scotland,2019,4,4666,2019-4,,,,,,,,
Scotland,2019,5,4807,2019-5,,,,,,,,
Scotland,2019,6,4179,2019-6,,,,,,,,
Scotland,2019,7,4746,2019-7,,,,,,,,
Scotland,2019,8,4407,2019-8,,,,,,,,
Scotland,2019,9,4432,2019-9,,,,,,,,
Scotland,2019,10,5217,2019-10,,,,,,,,
Scotland,2019,11,4917,2019-11,,,,,,,,
Scotland,2019,12,5431,2019-12,,,,,,,,
Scotland,2020,1,5725,2020-1,,,,,,,,
Scotland,2020,2,4715,2020-2,,,,,,,,
Scotland,2020,3,5521,2020-3,,,,,,,,
Scotland,2020,4,7958,2020-4,,,,,,,,
Scotland,2020,5,5566,2020-5,,,,,,,,
Scotland,2020,6,4677,2020-6,,,,,,,,
Northern Ireland,2006,1,1367,2006-1,,,,,,,,
Northern Ireland,2006,2,1180,2006-2,,,,,,,,
Northern Ireland,2006,3,1475,2006-3,,,,,,,,
Northern Ireland,2006,4,1179,2006-4,,,,,,,,
Northern Ireland,2006,5,1238,2006-5,,,,,,,,
Northern Ireland,2006,6,1202,2006-6,,,,,,,,
Northern Ireland,2006,7,1148,2006-7,,,,,,,,
Northern Ireland,2006,8,1145,2006-8,,,,,,,,
Northern Ireland,2006,9,1134,2006-9,,,,,,,,
Northern Ireland,2006,10,1230,2006-10,,,,,,,,
Northern Ireland,2006,11,1187,2006-11,,,,,,,,
Northern Ireland,2006,12,1047,2006-12,,,,,,,,
Northern Ireland,2007,1,1551,2007-1,,,,,,,,
Northern Ireland,2007,2,1333,2007-2,,,,,,,,
Northern Ireland,2007,3,1304,2007-3,,,,,,,,
Northern Ireland,2007,4,1270,2007-4,,,,,,,,
Northern Ireland,2007,5,1214,2007-5,,,,,,,,
Northern Ireland,2007,6,1128,2007-6,,,,,,,,
Northern Ireland,2007,7,1132,2007-7,,,,,,,,
Northern Ireland,2007,8,1144,2007-8,,,,,,,,
Northern Ireland,2007,9,977,2007-9,,,,,,,,
Northern Ireland,2007,10,1277,2007-10,,,,,,,,
Northern Ireland,2007,11,1205,2007-11,,,,,,,,
Northern Ireland,2007,12,1114,2007-12,,,,,,,,
Northern Ireland,2008,1,1579,2008-1,,,,,,,,
Northern Ireland,2008,2,1252,2008-2,,,,,,,,
Northern Ireland,2008,3,1314,2008-3,,,,,,,,
Northern Ireland,2008,4,1318,2008-4,,,,,,,,
Northern Ireland,2008,5,1115,2008-5,,,,,,,,
Northern Ireland,2008,6,1166,2008-6,,,,,,,,
Northern Ireland,2008,7,1195,2008-7,,,,,,,,
Northern Ireland,2008,8,1021,2008-8,,,,,,,,
Northern Ireland,2008,9,1203,2008-9,,,,,,,,
Northern Ireland,2008,10,1196,2008-10,,,,,,,,
Northern Ireland,2008,11,1129,2008-11,,,,,,,,
Northern Ireland,2008,12,1419,2008-12,,,,,,,,
Northern Ireland,2009,1,1677,2009-1,,,,,,,,
Northern Ireland,2009,2,1248,2009-2,,,,,,,,
Northern Ireland,2009,3,1252,2009-3,,,,,,,,
Northern Ireland,2009,4,1160,2009-4,,,,,,,,
Northern Ireland,2009,5,1075,2009-5,,,,,,,,
Northern Ireland,2009,6,1207,2009-6,,,,,,,,
Northern Ireland,2009,7,1112,2009-7,,,,,,,,
Northern Ireland,2009,8,975,2009-8,,,,,,,,
Northern Ireland,2009,9,1148,2009-9,,,,,,,,
Northern Ireland,2009,10,1155,2009-10,,,,,,,,
Northern Ireland,2009,11,1158,2009-11,,,,,,,,
Northern Ireland,2009,12,1246,2009-12,,,,,,,,
Northern Ireland,2010,1,1445,2010-1,,,,,,,,
Northern Ireland,2010,2,1242,2010-2,,,,,,,,
Northern Ireland,2010,3,1427,2010-3,,,,,,,,
Northern Ireland,2010,4,1165,2010-4,,,,,,,,
Northern Ireland,2010,5,1012,2010-5,,,,,,,,
Northern Ireland,2010,6,1163,2010-6,,,,,,,,
Northern Ireland,2010,7,1057,2010-7,,,,,,,,
Northern Ireland,2010,8,1111,2010-8,,,,,,,,
Northern Ireland,2010,9,1111,2010-9,,,,,,,,
Northern Ireland,2010,10,1150,2010-10,,,,,,,,
Northern Ireland,2010,11,1288,2010-11,,,,,,,,
Northern Ireland,2010,12,1286,2010-12,,,,,,,,
Northern Ireland,2011,1,1538,2011-1,,,,,,,,
Northern Ireland,2011,2,1176,2011-2,,,,,,,,
Northern Ireland,2011,3,1305,2011-3,,,,,,,,
Northern Ireland,2011,4,1096,2011-4,,,,,,,,
Northern Ireland,2011,5,1223,2011-5,,,,,,,,
Northern Ireland,2011,6,1164,2011-6,,,,,,,,
Northern Ireland,2011,7,985,2011-7,,,,,,,,
Northern Ireland,2011,8,1203,2011-8,,,,,,,,
Northern Ireland,2011,9,1076,2011-9,,,,,,,,
Northern Ireland,2011,10,1128,2011-10,,,,,,,,
Northern Ireland,2011,11,1134,2011-11,,,,,,,,
Northern Ireland,2011,12,1176,2011-12,,,,,,,,
Northern Ireland,2012,1,1433,2012-1,,,,,,,,
Northern Ireland,2012,2,1267,2012-2,,,,,,,,
Northern Ireland,2012,3,1316,2012-3,,,,,,,,
Northern Ireland,2012,4,1281,2012-4,,,,,,,,
Northern Ireland,2012,5,1329,2012-5,,,,,,,,
Northern Ireland,2012,6,1110,2012-6,,,,,,,,
Northern Ireland,2012,7,1132,2012-7,,,,,,,,
Northern Ireland,2012,8,1167,2012-8,,,,,,,,
Northern Ireland,2012,9,1050,2012-9,,,,,,,,
Northern Ireland,2012,10,1259,2012-10,,,,,,,,
Northern Ireland,2012,11,1235,2012-11,,,,,,,,
Northern Ireland,2012,12,1177,2012-12,,,,,,,,
Northern Ireland,2013,1,1535,2013-1,,,,,,,,
Northern Ireland,2013,2,1310,2013-2,,,,,,,,
Northern Ireland,2013,3,1370,2013-3,,,,,,,,
Northern Ireland,2013,4,1448,2013-4,,,,,,,,
Northern Ireland,2013,5,1239,2013-5,,,,,,,,
Northern Ireland,2013,6,1045,2013-6,,,,,,,,
Northern Ireland,2013,7,1224,2013-7,,,,,,,,
Northern Ireland,2013,8,1079,2013-8,,,,,,,,
Northern Ireland,2013,9,1159,2013-9,,,,,,,,
Northern Ireland,2013,10,1217,2013-10,,,,,,,,
Northern Ireland,2013,11,1185,2013-11,,,,,,,,
Northern Ireland,2013,12,1157,2013-12,,,,,,,,
Northern Ireland,2014,1,1523,2014-1,,,,,,,,
Northern Ireland,2014,2,1192,2014-2,,,,,,,,
Northern Ireland,2014,3,1294,2014-3,,,,,,,,
Northern Ireland,2014,4,1219,2014-4,,,,,,,,
Northern Ireland,2014,5,1095,2014-5,,,,,,,,
Northern Ireland,2014,6,1042,2014-6,,,,,,,,
Northern Ireland,2014,7,1151,2014-7,,,,,,,,
Northern Ireland,2014,8,1109,2014-8,,,,,,,,
Northern Ireland,2014,9,1284,2014-9,,,,,,,,
Northern Ireland,2014,10,1308,2014-10,,,,,,,,
Northern Ireland,2014,11,1155,2014-11,,,,,,,,
Northern Ireland,2014,12,1306,2014-12,,,,,,,,
Northern Ireland,2015,1,1599,2015-1,,,,,,,,
Northern Ireland,2015,2,1393,2015-2,,,,,,,,
Northern Ireland,2015,3,1475,2015-3,,,,,,,,
Northern Ireland,2015,4,1261,2015-4,,,,,,,,
Northern Ireland,2015,5,1157,2015-5,,,,,,,,
Northern Ireland,2015,6,1351,2015-6,,,,,,,,
Northern Ireland,2015,7,1175,2015-7,,,,,,,,
Northern Ireland,2015,8,993,2015-8,,,,,,,,
Northern Ireland,2015,9,1322,2015-9,,,,,,,,
Northern Ireland,2015,10,1260,2015-10,,,,,,,,
Northern Ireland,2015,11,1251,2015-11,,,,,,,,
Northern Ireland,2015,12,1311,2015-12,,,,,,,,
Northern Ireland,2016,1,1499,2016-1,,,,,,,,
Northern Ireland,2016,2,1332,2016-2,,,,,,,,
Northern Ireland,2016,3,1344,2016-3,,,,,,,,
Northern Ireland,2016,4,1257,2016-4,,,,,,,,
Northern Ireland,2016,5,1214,2016-5,,,,,,,,
Northern Ireland,2016,6,1254,2016-6,,,,,,,,
Northern Ireland,2016,7,1149,2016-7,,,,,,,,
Northern Ireland,2016,8,1258,2016-8,,,,,,,,
Northern Ireland,2016,9,1216,2016-9,,,,,,,,
Northern Ireland,2016,10,1257,2016-10,,,,,,,,
Northern Ireland,2016,11,1337,2016-11,,,,,,,,
Northern Ireland,2016,12,1313,2016-12,,,,,,,,
Northern Ireland,2017,1,1818,2017-1,,,,,,,,
Northern Ireland,2017,2,1391,2017-2,,,,,,,,
Northern Ireland,2017,3,1449,2017-3,,,,,,,,
Northern Ireland,2017,4,1148,2017-4,,,,,,,,
Northern Ireland,2017,5,1360,2017-5,,,,,,,,
Northern Ireland,2017,6,1262,2017-6,,,,,,,,
Northern Ireland,2017,7,1178,2017-7,,,,,,,,
Northern Ireland,2017,8,1172,2017-8,,,,,,,,
Northern Ireland,2017,9,1163,2017-9,,,,,,,,
Northern Ireland,2017,10,1333,2017-10,,,,,,,,
Northern Ireland,2017,11,1403,2017-11,,,,,,,,
Northern Ireland,2017,12,1359,2017-12,,,,,,,,
Northern Ireland,2018,1,2101,2018-1,,,,,,,,
Northern Ireland,2018,2,1456,2018-2,,,,,,,,
Northern Ireland,2018,3,1487,2018-3,,,,,,,,
Northern Ireland,2018,4,1281,2018-4,,,,,,,,
Northern Ireland,2018,5,1166,2018-5,,,,,,,,
Northern Ireland,2018,6,1146,2018-6,,,,,,,,
Northern Ireland,2018,7,1149,2018-7,,,,,,,,
Northern Ireland,2018,8,1230,2018-8,,,,,,,,
Northern Ireland,2018,9,1095,2018-9,,,,,,,,
Northern Ireland,2018,10,1347,2018-10,,,,,,,,
Northern Ireland,2018,11,1231,2018-11,,,,,,,,
Northern Ireland,2018,12,1233,2018-12,,,,,,,,
Northern Ireland,2019,1,1565,2019-1,,,,,,,,
Northern Ireland,2019,2,1301,2019-2,,,,,,,,
Northern Ireland,2019,3,1345,2019-3,,,,,,,,
Northern Ireland,2019,4,1354,2019-4,,,,,,,,
Northern Ireland,2019,5,1349,2019-5,,,,,,,,
Northern Ireland,2019,6,1118,2019-6,,,,,,,,
Northern Ireland,2019,7,1243,2019-7,,,,,,,,
Northern Ireland,2019,8,1166,2019-8,,,,,,,,
Northern Ireland,2019,9,1200,2019-9,,,,,,,,
Northern Ireland,2019,10,1302,2019-10,,,,,,,,
Northern Ireland,2019,11,1396,2019-11,,,,,,,,
Northern Ireland,2019,12,1419,2019-12,,,,,,,,
Northern Ireland,2020,1,1668,2020-1,,,,,,,,
Northern Ireland,2020,2,1282,2020-2,,,,,,,,
Northern Ireland,2020,3,1380,2020-3,,,,,,,,
Northern Ireland,2020,4,1933,2020-4,,,,,,,,
Northern Ireland,2020,5,1444,2020-5,,,,,,,,
Northern Ireland,2020,6,1307,2020-6,,,,,,,,